SMILES,Density
O=N(=O)OCC1CN=N(=O)O1,1.731
OC(=O)C1=CC=CC=C1N(=O)=O,1.572
BrC1=CC=CC(=C1)N(=O)=O,1.544
OC1=CC=CC(O)=C1N(=O)=O,1.335
O=CC1=CC=CC=C1N(=O)=O,1.232
CN(C)CC1=CC=CC=C1N(=O)=O,1.112
CC1=CC(=C(N)C=C1)N(=O)=O,1.084
CC(C)C1CCC(C)CC1OC(=O)C1=CC=C(C=C1)N(=O)=O,0.998
CC(C)C1CCC(C)CC1OC(=O)C1=C(C=CC=C1)N(=O)=O,0.984
BrON(=O)=O,2.867
BrC(Br)(Br)N(=O)=O,2.794
BrC(Br)(Br)\C=C\N(=O)=O,2.778
BrC1=C(I)C(=CC=C1)N(=O)=O,2.535
IC1=C(C(=NN1)N(=O)=O)N(=O)=O,2.46
OCCN1C(C=CC2=CC(Br)=CC=C2)=NC=C1N(=O)=O,2.452
BrC(Br)(N(=O)=O)N(=O)=O,2.445
OC1=C(C=C(Br)C=C1Br)N(=O)=O,2.433
CN1N=NC(=C1I)N(=O)=O,2.41
ClI1OC(=O)C2=C1C=CC(=C2)N(=O)=O,2.451
NC1=C(Br)C=C(C=C1Br)N(=O)=O,2.377
BrC1=CC(=C(Br)C=C1)N(=O)=O,2.374
BrC1=CC(=CC(Br)=C1)N(=O)=O,2.367
BrC1=C(Br)C(=CC=C1)N(=O)=O,2.358
BrC1=CC(Br)=C(C=C1)N(=O)=O,2.36
BrC1=CC=C(C=C1Br)N(=O)=O,2.358
NC1=CC(=C(Br)C=C1Br)N(=O)=O,2.349
NC1=CC=C(I)C=C1N(=O)=O,2.368
BrC1=CC(Br)=C(C=C1N(=O)=O)N(=O)=O,2.314
BrC1=CC(=C(C=C1Br)N(=O)=O)N(=O)=O,2.313
CN1N=C(C(=C1I)N(=O)=O)N(=O)=O,2.3
IC1=C(C=C(C=C1N(=O)=O)N(=O)=O)N(=O)=O,2.299
NC1=CC=C(C=C1I)N(=O)=O,2.314
BrC1=CC(Br)=C(C(=C1)N(=O)=O)N(=O)=O,2.274
BrC(N(=O)=O)(N(=O)=O)N(=O)=O,2.273
BrC1=CC=CC(Br)=C1N(=O)=O,2.215
O=N(=O)ON(=O)=O,2.233
CCN1N=NC(=C1I)N(=O)=O,2.17
CC1=C(C(Br)=C(C(Br)=C1)N(=O)=O)N(=O)=O,2.155
IC1=NC2=CC=CC(=C2C=C1)N(=O)=O,2.14
CN1N=C(I)C(=N1)N(=O)=O,2.13
CC(=O)C(Br)(Br)N(=O)=O,2.116
CCN1N=C(I)C(=N1)N(=O)=O,2.11
BrC1(CN(CN(C1)N(=O)=O)N(=O)=O)N(=O)=O,2.105
CO\N=C(/I)C1=CC=C(C=C1)N(=O)=O,2.136
OCC(Br)(CO)N(=O)=O,2.089
ClC1=CC(=CC(Cl)=C1Br)N(=O)=O,2.079
IC1=COC(=C1)C1=CC=C(C=C1)N(=O)=O,2.101
O=C(NN(=O)=O)NN(=O)=O,2.117
ClON(=O)=O,2.104
F\C(N(=O)=O)=C(\F)N(=O)=O,2.053
NC1=C(Cl)C=C(Br)C(=C1)N(=O)=O,2.052
ClC1=CC(=CC(Br)=C1)N(=O)=O,2.048
[H][C@@]12O[C@@]([H])(C=C1)[C@](Br)([C@@H]2C(Cl)(Cl)Cl)N(=O)=O,2.041
CC1=NC=C(N1CCI)N(=O)=O,2.039
ClC1=CC=C(Br)C=C1N(=O)=O,2.035
OC1=C(C=C(C=C1Br)N(=O)=O)N(=O)=O,2.025
O=N(=O)C1=NN(C(=C1)N(=O)=O)C(N(=O)=O)(N(=O)=O)N(=O)=O,2.068
FC(N1N=C(C=C1N(=O)=O)N(=O)=O)(N(=O)=O)N(=O)=O,2.06
O=N(=O)N1C2OC3OC2N(C2OC3OC12)N(=O)=O,2.032
BrCN(=O)=O,1.994
BrCC1(CN(C1)N(=O)=O)N(=O)=O,1.994
OC(C(O)C(Cl)(N(=O)=O)N(=O)=O)C(Cl)(N(=O)=O)N(=O)=O,1.992
NC1=C(Br)C=CC=C1N(=O)=O,1.988
BrCC1(CN(C1)N(=O)=O)ON(=O)=O,1.982
OC(=O)C1=C(C=C(Br)C=C1)N(=O)=O,1.977
O=C1N(C2C(N1N(=O)=O)N(C(=O)N2N(=O)=O)N(=O)=O)N(=O)=O,1.97
O=N(=O)C1=CN(N=C1N(=O)=O)C(N(=O)=O)(N(=O)=O)N(=O)=O,2.005
NC(=NCl)C(Cl)(N(=O)=O)N(=O)=O,2.007
O=N(=O)C1=NN2N=NN3N=C(C(=C3C2=C1N(=O)=O)N(=O)=O)N(=O)=O,1.955
O=N(=O)OC(ON(=O)=O)C(ON(=O)=O)ON(=O)=O,1.954
NN1C(=NC(=C1N(=O)=O)N(=O)=O)C1=NC(=C(N1N)N(=O)=O)N(=O)=O,1.95
NC1=C(Br)C=C(C=C1C#N)N(=O)=O,1.985
IC1=CC(=CC=C1)N(=O)=O,1.942
ClC1=C(NN=C1N(=O)=O)N(=O)=O,1.972
O=N(=O)NC1=NON=C1N(=O)=O,1.94
FC(COC(=O)NN(=O)=O)(N(=O)=O)N(=O)=O,1.969
BrC1=CC=C(C=C1)N(=O)=O,1.944
O=N(=O)C1=NON=C1C1=NON(=O)=C1C1=NON=C1N(=O)=O,1.937
NC1=C(Cl)N=NC(Cl)=C1N(=O)=O,1.95
O=N(=O)NC1=NON=C1C1=NOC(=NO1)C1=NON=C1NN(=O)=O,1.93
CN1C(=C(C(=C1N(=O)=O)N(=O)=O)N(=O)=O)N(=O)=O,1.93
BrC1=CC=C2C(C=CC=N2=O)=C1N(=O)=O,1.93
OC1=C(C(Cl)=C(C(Cl)=C1N(=O)=O)N(=O)=O)N(=O)=O,1.929
N\C(N)=C(/N(=O)=O)N(=O)=O,1.963
NC1=C(C2=NN=NN2C2=NON(=O)=C12)N(=O)=O,1.922
FN(F)C(N1N=C(C=C1N(=O)=O)N(=O)=O)(N(=O)=O)N(=O)=O,1.92
ClC1=C(N(CC2=NN=NN2)N=C1N(=O)=O)N(=O)=O,1.92
OC(=O)C1=C(C=CC(Br)=C1)N(=O)=O,1.922
FC(C1=NN=C(O1)C(F)(N(=O)=O)N(=O)=O)(N(=O)=O)N(=O)=O,1.92
ClC1=C(Cl)C(=C(Cl)C(Cl)=C1N(=O)=O)N(=O)=O,1.92
O=N(=O)N(CC(N(=O)=O)(N(=O)=O)N(=O)=O)C1=NON=C1C#N,1.967
IC1=C(C=CC=C1)N(=O)=O,1.907
CN(C1=C(F)C(F)=C(C(F)=C1F)C(F)(F)F)N(=O)=O,1.917
NC1=C(C=C(C(=C1N(=O)=O)N(=O)=O)N(=O)=O)N(=O)=O,1.963
O=N(=O)C1=CC(=C(C(=C1N(=O)=O)N(=O)=O)N(=O)=O)N(=O)=O,1.947
FC(CN(CC(F)(N(=O)=O)N(=O)=O)N(=O)=O)(N(=O)=O)N(=O)=O,1.91
O=N(=O)N1CN(CN(CN(C1)N(=O)=O)N(=O)=O)N(=O)=O,1.905
O=N(=O)NC1=C(C(=NN1)C(N(=O)=O)(N(=O)=O)N(=O)=O)N(=O)=O,1.9
NC1=C(NN=C1N(=O)=O)N(=O)=O,1.9
OC(=O)C(=N#N)N(=O)=O,1.899
O=N(=O)NC1=NON=C1NN(=O)=O,1.899
BrC1=NC(=CC=C1)N1C=C(C=N1)N(=O)=O,1.944
Br\C(N(=O)=O)=C/C1=CC=CC=C1,1.941
O=N(=O)C1=NNC(=N1)C1=NC(=NN1)N(=O)=O,1.89
O=N(=O)C1=C(N=N#N)N2N=NN3C(=NC(=C3N=N#N)N(=O)=O)C2=N1,1.888
O=N(=O)C(N1C2=NON=C2NC2=NON=C12)N(=O)=O,1.884
O=N(=O)N=C1NN=C(N1)C1=NNN=C1N(=O)=O,1.883
O=N(=O)C1=CN(N=C1)C(N(=O)=O)(N(=O)=O)N(=O)=O,1.929
NN1N=C(C(N)=C1N(=O)=O)N(=O)=O,1.88
CN1N=C(N=C1N(=O)=O)C(N(=O)=O)(N(=O)=O)N(=O)=O,1.88
NC1=C(C=C(C(N)=N1=O)N(=O)=O)N(=O)=O,1.878
NN(=O)=O,1.924
NC1=C(N=NC2=NC(=NN12)N(=O)=O)N(=O)=NN(=O)=O,1.875
OC1=C(C(O)=C(C=C1N(=O)=O)N(=O)=O)N(=O)=O,1.91
NN1N=C(C(N2N=C(C(N)=C2N(=O)=O)N(=O)=O)=C1N(=O)=O)N(=O)=O,1.87
O=N(=O)C1=NC(=CN1)N(=O)=O,1.87
O=N(=O)C1=CNN=C1N(=O)=O,1.87
COC1=C(Br)C(C=O)=C(OC)C(=C1)N(=O)=O,1.868
O=C1OCC(CON(=O)=O)(CON(=O)=O)N1N(=O)=O,1.899
CC1(C)N(=O)=C2C=C(C=C(Br)C2=N1=O)N(=O)=O,1.917
ClC1=NN=C(OCC(N(=O)=O)(N(=O)=O)N(=O)=O)N=N1,1.901
ClC1=C(C=C(C=C1N(=O)=O)N(=O)=O)N(=O)=O,1.91
O=N(=O)C1=NN(CC2=NN=NN2)C(=C1N(=O)=O)N(=O)=O,1.86
ClC1=NN(COCN2N=C(Cl)N=C2N(=O)=O)C(=N1)N(=O)=O,1.86
NC1=NON=C1N(=O)=O,1.86
FC1=CC(F)=C(C=C1N(=O)=O)N(=O)=O,1.86
ClC1=CC(Cl)=C(C2=NON=C12)N(=O)=O,1.86
BrC1=CC=C(C=C1)\C=C\N(=O)=O,1.86
O=C(NN(=O)=O)OCC(N(=O)=O)(N(=O)=O)N(=O)=O,1.897
O=N(=O)NC1=NC(=NO1)C1=NOC(NN(=O)=O)=N1,1.856
NC1=C(N=NC2=NC(=NN12)N(=O)=O)N(=O)=O,1.892
O=N(=O)C1=CNC(=C1N(=O)=O)N(=O)=O,1.856
NC1=NC(=NO1)C1=N(=O)ON=C1N(=O)=O,1.85
O=N(=O)C1=NON=C1C1=NON=C1N(=O)=O,1.85
O=N(=O)C1=NN=C(C1=N#N)N(=O)=O,1.884
O=N(=O)C1=NN(COCN2N=NC(=N2)N(=O)=O)N=N1,1.846
O=N(=O)CN1N=C(C(=C1N(=O)=O)N(=O)=O)N(=O)=O,1.843
CC1=NC(=CN1CCBr)N(=O)=O,1.889
O=N(=O)OCN1C2=NON=C2N(CON(=O)=O)C2=NON=C12,1.84
O=N(=O)N1C=NC(=N1)C1=NON(=O)=C1C1=NN(C=N1)N(=O)=O,1.84
O=N(=O)C1CC(C1)(N(=O)=O)N(=O)=O,1.84
O=N(=O)C1=CC2=N(=O)ON=C2C2=N(=O)ON=C12,1.84
NC(=O)OCC(N(=O)=O)(N(=O)=O)N(=O)=O,1.869
FCON(=O)=O,1.886
NC1=C(C(N)=C(C=C1N(=O)=O)N(=O)=O)N(=O)=O,1.837
NC(=O)CCC(N(=O)=O)(N(=O)=O)N(=O)=O,1.884
CC1=NC=C(N1CCBr)N(=O)=O,1.836
O=N(=O)C1=NN(N=C1)C1=C(C=C(C=C1N(=O)=O)N(=O)=O)N(=O)=O,1.833
O=N(=O)C1=CN(N=N1)C1=C(C=C(C=C1N(=O)=O)N(=O)=O)N(=O)=O,1.833
O=N(=O)OCC1=NC(=NO1)C1=NOC(CON(=O)=O)=N1,1.767
COC(=O)C1=CNC(CCN(=O)=O)=C1Br,1.879
CC(=O)NC1=CC(=CC=C1Br)N(=O)=O,1.831
O=N(=O)C1=CNN=C1C1=NNC=C1N(=O)=O,1.83
O=N(=O)C1=C(N(NCC(N(=O)=O)(N(=O)=O)N(=O)=O)C=N1)N(=O)=O,1.83
NN1N=C(N=C1N(=O)=O)N(=O)=O,1.83
NN1N=C(C(=N1)N(=O)=O)N(=O)=O,1.83
NC1=C(N(CC2=NN=NN2)N=C1N(=O)=O)N(=O)=O,1.83
NC1=C(C(N)=C(C(N)=C1N(=O)=O)N(=O)=O)N(=O)=O,1.83
O=N(=O)C(CNCC(N(=O)=O)(N(=O)=O)N(=O)=O)(N(=O)=O)N(=O)=O,1.831
FC(F)(F)CC(CC1=CC=CC=C1)N=NC1=CC=C(C=C1)N(=O)=O,1.878
ClC(=O)CN(CC(N(=O)=O)(N(=O)=O)N(=O)=O)N(=O)=O,1.83
NN1N=C(N=C1C1=NC(=NN1N)N(=O)=O)N(=O)=O,1.828
O=N(=O)C1=CC(=NN1)N(=O)=O,1.857
O=N(=O)C(C1=NC(N=N#N)=NC(N=N#N)=N1)(N(=O)=O)N(=O)=O,1.862
NC(=O)NN(=O)=O,1.871
O=N(=O)N1C=CC(=N1)C(N(=O)=O)(N(=O)=O)N(=O)=O,1.82
CN(CN1N=C(C(N)=C1N(=O)=O)N(=O)=O)N(=O)=O,1.85
NC1=C(Cl)C=C(C=C1N(=O)=O)N(=O)=O,1.868
OC(=O)CN(CC(N(=O)=O)(N(=O)=O)N(=O)=O)N(=O)=O,1.82
O=N(=O)N1CN([C@@H]2[C@H]1[C@@H]1[C@H]2N(CN1N(=O)=O)N(=O)=O)N(=O)=O,1.82
O=C(NN(=O)=O)OCCOC(=O)NN(=O)=O,1.82
NC1=NC(N)=C(C(N)=C1N(=O)=O)N(=O)=O,1.819
OC(=O)C1=C(NN=C1N(=O)=O)N(=O)=O,1.818
OC(C(O)C(N(=O)=O)N(=O)=O)C(N(=O)=O)N(=O)=O,1.816
O=N(=O)C12C3C4(C1C1(C2C3(C41)N(=O)=O)N(=O)=O)N(=O)=O,1.814
NC(=NN(=O)=O)C1=N(=O)ON=C1C#N,1.849
O=C1C2=CC(=CC(=C2C2=C1C=C(C=C2)N(=O)=O)N(=O)=O)N(=O)=O,1.812
O=N(=O)C1=NNC(=C1)C1=CC(=NN1)N(=O)=O,1.81
NN1N=C(N=C1N(=O)=O)N1C=NC(=N1)N(=O)=O,1.81
NC1=NN=C2N=NC(NC3=NC(=NO3)N(=O)=O)=NN12,1.81
O=N(=O)C1=NON=C1NC1=C(C=C(C=C1N(=O)=O)N(=O)=O)N(=O)=O,1.81
O=N(=O)C1=NON(=O)=C1C1=NN=NN1,1.81
ClC1=CC(Cl)=C(C(Cl)=C1N(=O)=O)N(=O)=O,1.81
C[C@@]1(O)[C@@H](C(Br)=C[C@](C)(C1=O)N(=O)=O)N(=O)=O,1.81
[H][C@@]1(C(Br)=C(C)C(=O)C(=O)[C@@]1(C)O)N(=O)=O,1.81
IC1=CC=C(C=C1)N(=O)=O,1.778
NC1=NON=C1C1=N(=O)ON=C1C1=NON=C1N(=O)=O,1.808
O=N(=O)N1C[C@]2(CN(C[C@]2(C1)N(=O)=O)N(=O)=O)N(=O)=O,1.807
ClC1=CC(=CC(Cl)=C1Cl)N(=O)=O,1.807
O=N(=O)C1=C(N=N#N)C(=C(N=N#N)C(=C1N=N#N)N(=O)=O)N(=O)=O,1.805
NC(=N)NN(=O)=O,1.805
FC(CC\N=C(/Cl)C(F)(N(=O)=O)N(=O)=O)(N(=O)=O)N(=O)=O,1.803
O=N(=O)C1CC(CC(C1)N(=O)=O)N(=O)=O,1.8
O=N(=O)C1=CNN=C1C1=NN=C(O1)C1=NNC=C1N(=O)=O,1.8
O=N(=O)N1CN(CN(C1)N(=O)=O)N(=O)=O,1.8
O=N(=O)N1CN(CC(C1)(N(=O)=O)N(=O)=O)N(=O)=O,1.8
O=N(=O)N1C=NC(=C1)N(=O)=O,1.8
O=C(CN(CC(N(=O)=O)(N(=O)=O)N(=O)=O)N(=O)=O)N=N#N,1.8
NCC(F)(N(=O)=O)N(=O)=O,1.8
O=N(=O)C1=CN(CN2C=C(C(=N2)N(=O)=O)N(=O)=O)N=C1N(=O)=O,1.763
CN(CN1N=C(C(=C1Cl)N(=O)=O)N(=O)=O)N(=O)=O,1.829
FC1(F)C(=O)NC2=CC=C(C=C12)N(=O)=O,1.84
NN1N=C(C=C1N(=O)=O)N(=O)=O,1.796
O=N(=O)N1C=CC(=N1)N(=O)=O,1.826
O=N(=O)C(=C1/NC2OCCOC2N1)\N(=O)=O,1.796
O=N(=O)C1=CC(=C(C=C1)N(=O)=O)N(=O)=O,1.793
O=C1N(CON(=O)=O)C2=NC3=NON=C3N=C2N1CON(=O)=O,1.79
ClC1=CC(Cl)=C(C=C1Cl)N(=O)=O,1.791
CC1=NC(=CN1C1=CC=C(Br)C=C1)N(=O)=O,1.838
O=C1NC=C(C(=O)N1)N(=O)=O,1.79
FC(COC(=O)OCC(F)(N(=O)=O)N(=O)=O)(N(=O)=O)N(=O)=O,1.79
CN(CN(CC(F)(N(=O)=O)N(=O)=O)N(=O)=O)N(=O)=O,1.789
O=N(=O)C1=NN(NC2=NN3C=NN=C3N=N2)C=N1,1.835
OC1=CC(O)=C(C=C1N(=O)=O)N(=O)=O,1.786
O=C(CON(=O)=O)CON(=O)=O,1.815
CC1=NON=C1N(CC(N(=O)=O)(N(=O)=O)N(=O)=O)N(=O)=O,1.833
OC(=O)C1=C(C=C(C=C1N(=O)=O)N(=O)=O)N(=O)=O,1.785
O=NN(=O)=O,1.835
O=N(=O)C1=NON=C1C1=NON=C1C1=NON=C1N(=O)=O,1.782
O=C(NN(=O)=O)OCC(COC(=O)NN(=O)=O)(N(=O)=O)N(=O)=O,1.829
O=N(=O)C1=C(N=CN1)N(=O)=O,1.781
O=N(=O)OCC1=NN(C(CON(=O)=O)=N1)N(=O)=O,1.78
O=N(=O)OC(COC1=CC=C(C=C1N(=O)=O)N(=O)=O)CN=N#N,1.78
[H][C@]12CN(CN(N(=O)=O)[C@@]1([H])CN(CN2N(=O)=O)N(=O)=O)N(=O)=O,1.78
O=N(=O)OCC(CON(=O)=O)(CON(=O)=O)CON(=O)=O,1.778
CN(CN1N=C(N=C1N(=O)=O)N(=O)=O)N(=O)=O,1.808
O=N(=O)N1COCC(C1)(N(=O)=O)N(=O)=O,1.778
FC1=NC(F)=C(F)C(OC2=CC=C(C=C2)N(=O)=O)=C1F,1.819
O=N(=O)C1=CNC=C1N(=O)=O,1.774
O=N(=O)C1=C(N=N#N)C(=C2N=NNC2=C1)N(=O)=O,1.774
FC(CCNC(=O)C(F)(N(=O)=O)N(=O)=O)(N(=O)=O)N(=O)=O,1.773
NC1=NN=C(O1)C1=NON=C1NN(=O)=O,1.77
NC1=NC(=NN1C1=NNN=N1)N(=O)=O,1.77
O=N(=O)CN1C=NC(=C1N(=O)=O)N(=O)=O,1.77
OC1=C(C=NC2=CC(=CC=C2)N(=O)=O)C=C(Br)C(F)=C1,1.771
NC1=C(C=C(C=C1N(=O)=O)N(=O)=O)N(=O)=O,1.77
CN(CN(C(=O)OCC(F)(N(=O)=O)N(=O)=O)N(=O)=O)N(=O)=O,1.77
CN1C(=NC(=C1N(=O)=O)N(=O)=O)N(=O)=O,1.768
CN(CN1C=NC(=C1N(=O)=O)N(=O)=O)N(=O)=O,1.797
OCCN1C(C=CC2=C(F)C=CC=C2)=NC=C1N(=O)=O,1.767
NC(=O)C1=N(=O)ON=C1N1N=C(C(C(N)=O)=N1=O)N(=O)=O,1.809
OC1=C(C=C(C=C1N(=O)=O)N(=O)=O)N(=O)=O,1.764
CC1=NON=C1C(=O)OCC(N(=O)=O)(N(=O)=O)N(=O)=O,1.806
O=C(CCC(N(=O)=O)(N(=O)=O)N(=O)=O)N=N#N,1.811
NC1=C(N(CN(=O)=O)N=C1N(=O)=O)N(=O)=O,1.763
O=N(=O)C1=NON=C1NC1=NN2C=NN=C2N=N1,1.76
NN1N=C(C(=C1C1=C(C(=NN1N)N(=O)=O)N(=O)=O)N(=O)=O)N(=O)=O,1.76
ClC1=C(N=CN1NCC(N(=O)=O)(N(=O)=O)N(=O)=O)N(=O)=O,1.76
CC1=N(=O)ON=C1C1=NON(=O)=C1N(=O)=O,1.803
NC(NC1=NN=C(NC(N)=NN(=O)=O)N=N1)=NN(=O)=O,1.76
N\C(N)=N/N(=O)=O,1.76
O=N(=O)\N=C1\N(N=NC1=N#N)C1=CC=C(C=C1)N(=O)=O,1.762
NC1=NC(CN2N=C(C(=C2N(=O)=O)N(=O)=O)N(=O)=O)=NO1,1.757
O=N(=O)C1=NN(CN2N=C(C=C2N(=O)=O)N(=O)=O)C(=C1)N(=O)=O,1.786
CN1N=NN\C1=N/N(=O)=O,1.803
NC1=C(C=C(C=C1)N(=O)=O)C(F)(F)F,1.79
O=N(=O)NCC(CNN(=O)=O)NN(=O)=O,1.754
OC1C2=CC(=CC=C2OC1(F)F)N(=O)=O,1.799
NC(=O)OCCC(N(=O)=O)(N(=O)=O)N(=O)=O,1.782
NC1=CC(=C(C=C1)N(=O)=O)C(F)(F)F,1.788
ClC(Cl)(Cl)C1C(OC2=C1C(=O)CCC2)N(=O)=O,1.752
O=N(=O)C1=CNN=C1C(N(=O)=O)(N(=O)=O)N(=O)=O,1.75
NN1C(=CN=C1C1=NC=C(N1N)N(=O)=O)N(=O)=O,1.75
ClC1=C(N(CC#N)N=C1N(=O)=O)N(=O)=O,1.75
O=N(=O)NCCNN(=O)=O,1.75
O=N(=O)C1=CC2=C(C(=CC=C2)N(=O)=O)C(=C1)N(=O)=O,1.75
CC(=O)N(C(C)=O)C1=C(Br)C=C(C=C1Cl)N(=O)=O,1.749
OOC(=O)C1=CC(=CC(=C1)N(=O)=O)N(=O)=O,1.796
O=N(=O)C1=CN(CC2=C(C=C(C=C2)N(=O)=O)N(=O)=O)N=N1,1.796
NC1=NN=C(O1)C1=NON=C1N(=O)=O,1.748
FC1=CC(=CC2=N(=O)ON=C12)N(=O)=O,1.748
CC(OC(N)=O)C(N(=O)=O)(N(=O)=O)N(=O)=O,1.776
O=N(=O)C1=CC(=C(N=N#N)C(=C1N=N#N)N(=O)=O)N(=O)=O,1.782
BrC1=CC=C(OC2=CC=C(C=C2)N(=O)=O)C=C1,1.794
ClC1=CC(Cl)=C(C(=C1)N(=O)=O)N(=O)=O,1.749
CC(COC(=O)NN(=O)=O)(N(=O)=O)N(=O)=O,1.775
ClC1=CC=C(C=C1)C(=O)OCC(N(=O)=O)(N(=O)=O)N(=O)=O,1.786
NC1=CC(=C(N)C(=C1)N(=O)=O)N(=O)=O,1.772
CN1N=C(C(N=N#N)=C1N(=O)=O)N(=O)=O,1.74
CN(C1=C(NN=C1N(=O)=O)N(=O)=O)N(=O)=O,1.74
OC1=C(C=C(Cl)C=C1N(=O)=O)N(=O)=O,1.741
OC(=O)C1=C(C(O)=O)C(=CC=C1)N(=O)=O,1.783
FC(F)(F)C(F)(F)CNC(=O)CN1C=CN=C1N(=O)=O,1.74
CN(CN(C1=NON=C1N(=O)=O)N(=O)=O)N(=O)=O,1.74
CC1=C(Cl)[C@H](N(=O)=O)[C@](C)(O)C(=O)[C@]1(Cl)N(=O)=O,1.74
NC1=CC(=C(Cl)C=C1Cl)N(=O)=O,1.739
FC(F)(COC(=O)C1=CC(=CC(=C1)N(=O)=O)N(=O)=O)N(=O)=O,1.739
BrC1=CC=C(OC(=O)C2=CC=C(C=C2)N(=O)=O)C=C1,1.774
O=N(=O)C12C3C4C1C1(C4C3(C21)N(=O)=O)N(=O)=O,1.738
NC(=O)C1=C(C=C(C=C1N(=O)=O)N(=O)=O)N(=O)=O,1.737
O=C1N(N(=O)=O)C23C4C5C6C4C2(C6C35)N1N(=O)=O,1.736
FN(F)C(CC(N(F)F)(N(=O)=O)N(=O)=O)(N(=O)=O)N(=O)=O,1.736
CN(CN1C=C(N=C1N(=O)=O)N(=O)=O)N(=O)=O,1.765
O=C(CCN(CC(N(=O)=O)(N(=O)=O)N(=O)=O)N(=O)=O)N=N#N,1.764
CN(C1=C(C=C(C=C1N(=O)=O)N(=O)=O)N(=O)=O)N(=O)=O,1.731
CN=N(=O)C1=NON=C1NN(=O)=O,1.73
NC1=C(N2C=NC=N2)C(N)=C(C(N)=C1N(=O)=O)N(=O)=O,1.73
NC1=C(C(N)=C(C(N2C=NC=N2)=C1N1C=NC=N1)N(=O)=O)N(=O)=O,1.73
O=N(=O)C1=CC(=CC(=C1)N(=O)=O)N(=O)=O,1.757
O=N(=O)NCNN(=O)=O,1.729
ClC(=O)CCN(CC(N(=O)=O)(N(=O)=O)N(=O)=O)N(=O)=O,1.758
NC(=O)C1=CC(=C(N)C(=C1)N(=O)=O)N(=O)=O,1.771
O=C1N(C(=O)C2=C1C=CC=C2)N(=O)=O,1.776
COC1=NC(=NC(OC)=N1)C(N(=O)=O)(N(=O)=O)N(=O)=O,1.763
ClC1=CN=C(C=C1)N(=O)=O,1.768
O=N(=O)C1CN(CN(C1)N(=O)=O)N(=O)=O,1.726
OC(=O)C1=CC(=C(Cl)C=C1)N(=O)=O,1.725
NN1N=NC(=C1N)N(=O)=O,1.759
COC1=NC=CN=C1C(N(=O)=O)(N(=O)=O)N(=O)=O,1.767
NN1C=C(N=N1)N(=O)=O,1.757
NN1C=NC(=C1N(=O)=O)N(=O)=O,1.72
CN(C1=C(N(N)N=C1N(=O)=O)N(=O)=O)N(=O)=O,1.72
OC(=O)C1=CC=C(O1)N(=O)=O,1.739
O=N(=O)C1=NNC=N1,1.767
OC(=O)CCC(N(=O)=O)(N(=O)=O)N(=O)=O,1.768
O=N(=O)N(CN=N#N)CN(CN(CN=N#N)N(=O)=O)N(=O)=O,1.72
O=N(=O)C1(CCC(CC1)(N(=O)=O)N(=O)=O)N(=O)=O,1.72
NC(=N)N1N=C(N)C(=C1N)N(=O)=O,1.72
CC(CN(CC(C)(N(=O)=O)N(=O)=O)N(=O)=O)(N(=O)=O)N(=O)=O,1.72
FC1=C(F)C(F)=C([C@H]2O[C@@H]2C2=CC=CC=C2N(=O)=O)C(F)=C1F,1.72
CC1=CC(=CC(C)=C1O)C1=NC=C(C=C1Br)N(=O)=O,1.761
CN1N=C(C(C#N)=C1N(=O)=O)N(=O)=O,1.766
ClC1=CC(=CC(Cl)=C1)N(=O)=O,1.716
BrC1=CC=C(C=C1)C1=CC=C(C=C1)N(=O)=O,1.72
CC1=N(=O)ON=C1C=NN1N=NNC1=NN(=O)=O,1.714
ClC(N(=O)=O)C(Cl)(Cl)N(=O)=O,1.708
ClC1=CC(=C(Cl)C(=C1)N(=O)=O)N(=O)=O,1.712
CC1=NC(=NO1)C1=NON=C1NCC(N(=O)=O)(N(=O)=O)N(=O)=O,1.71
O=N(=O)C1=NON(=O)=C1N(=O)=O,1.711
O=N(=O)C1=CN=C(N2C=NC(N=N#N)=N2)C(=C1)N(=O)=O,1.71
NC1=NN=NN1CC1=NNC(NN(=O)=O)=N1,1.708
NC(=O)OCC(COC(N)=O)(N(=O)=O)N(=O)=O,1.738
O=N(=O)C1=CC(=CN1)N(=O)=O,1.755
O=NN1CN(CCN(C1)N(=O)=O)N(=O)=O,1.707
FC1=C(C=C(C=C1N(=O)=O)N1C=CN=N1)C(F)(F)F,1.707
OC1=CC=C(Cl)C=C1C(=O)NC1=C(Cl)C=C(C=C1)N(=O)=O,1.706
OC(O)(C1=CC=C(C=C1)N(=O)=O)C(F)(F)F,1.706
O\N=C1CCCC(Br)=C/1C(O)C1=CC=C(C=C1)N(=O)=O,1.728
CN1C=C(C(=C1N(=O)=O)N(=O)=O)N(=O)=O,1.752
CN(CN1C=C(C(=N1)N(=O)=O)N(=O)=O)N(=O)=O,1.733
FC(F)C(F)(F)COC(=O)C1=CC(=CC(=C1)N(=O)=O)N(=O)=O,1.703
OC1=CC(=CC(=C1)N(=O)=O)N(=O)=O,1.702
CC(=CBr)N(=O)=O,1.702
CN1N=C(C(=N1)N(=O)=O)N(=O)=O,1.7
O=N(=O)C(=C1/NCCN1)\N(=O)=O,1.7
O=C1C2=C(C3=C1C=C(C=C3N(=O)=O)N(=O)=O)C(=CC(=C2)N(=O)=O)C#N,1.7
C[C@@]1(C=C[C@](C)([C@@H]([C@H]1ON(=O)=O)N(=O)=O)N(=O)=O)N(=O)=O,1.7
O=C(NN(=O)=O)OCCC(N(=O)=O)(N(=O)=O)N(=O)=O,1.729
CN(C1=CC(=CC(=C1)N(=O)=O)N(=O)=O)N(=O)=O,1.699
O=N(=O)C1=CC(=C(N2N=CC=N2)C(=C1)N(=O)=O)N(=O)=O,1.698
CC1=C(C=CC(=C1)C(=O)OC1=CC=C(Br)C=C1)N(=O)=O,1.732
NC1=NON=C1CC1=NC(NN(=O)=O)=NN1,1.695
NC1=NC=C(C=N1)N(=O)=O,1.695
ClC1=CC=C(Cl)C(=C1N(=O)=O)N(=O)=O,1.697
O=N(=O)C1=CC2=C(NN=N2)C(=C1)N(=O)=O,1.724
OC(=O)C(F)(F)C(F)(F)C(F)(F)N(=O)=O,1.692
CC1=NC(Br)=C(N1CC(=O)C1=CC=CC=C1)N(=O)=O,1.693
OCC1=NN=C(CO)N1NCC(N(=O)=O)(N(=O)=O)N(=O)=O,1.691
O=N(=O)N(CN1C=C(C=N1)N(=O)=O)CN1C=C(C=N1)N(=O)=O,1.69
O=N(=O)C1=CC(=C(N2N=NC3=CC=CC=C23)C(=C1)N(=O)=O)N(=O)=O,1.69
FC(F)(F)C1=C(C=CC(=C1)N1C=NC=N1)N(=O)=O,1.69
CC1=C(C(C)=C(C=C1N(=O)=O)N(=O)=O)N(=O)=O,1.69
FC(F)(F)C1=CC2=C(C=C1N(=O)=O)N1C=CC=CC1=N2,1.731
ClC1=CC=C(C=C1N(=O)=O)N(=O)=O,1.689
OC(=O)C1=CC(=C(F)C=C1)N(=O)=O,1.734
OC(=O)C1=CC(=CC(=C1)N(=O)=O)N(=O)=O,1.683
O=C1C(=O)C2=C(C=CC(=C2)N(=O)=O)C2=C1C=CC=C2N(=O)=O,1.683
FC(C=CN(=O)=O)(N(=O)=O)N(=O)=O,1.683
O=N(=O)N1N=CC2=C1C=CC(=C2)N(=O)=O,1.682
CC1=CC=C(C2=NON(=O)=C12)N(=O)=O,1.682
FC(F)(F)C1=C2N=CC=CC2=C(C=C1)N(=O)=O,1.682
O=N(=O)C1=NOC(NC2=NN3C=NN=C3N=N2)=N1,1.68
CN(CN1N=C(C=C1N(=O)=O)N(=O)=O)N(=O)=O,1.71
O=N(=O)N1CCN(C1)N(=O)=O,1.68
NC(=O)NC1=NON=C1N(=O)=O,1.68
CC1=C(C(=C(C=C1)N(=O)=O)N(=O)=O)N(=O)=O,1.68
FC(F)(F)C1=C(N(N=N1)C1=CC=CC=C1)N(=O)=O,1.677
O\N=C1CCCC(Br)=C/1C(=O)C1=CC=C(C=C1)N(=O)=O,1.7
O=N(=O)C1=N(=O)ON=C1C1=N(=O)ON=C1C1=CC=CC=C1,1.718
FC1=CC=C(\C=C\C(=O)C2=CC(=CC=C2)N(=O)=O)C=C1,1.723
[H][C@@]12OC3=C(C=CC=C3)[C@]1([H])C(N(=O)=O)=N(=O)O2,1.675
OC(=O)C(F)(F)N(=O)=O,1.675
OC(=O)C1=CC=C(C(=C1)N(=O)=O)N(=O)=O,1.674
COC(=O)NN(=O)=O,1.721
O=C(NN(=O)=O)OCCCC(N(=O)=O)(N(=O)=O)N(=O)=O,1.702
OC(=O)C1=CC=C(C=C1N(=O)=O)N(=O)=O,1.672
FCCNC(=O)C1=CC(=CC(=C1)N(=O)=O)N(=O)=O,1.707
CN1N=C(N=C1N(=O)=O)N(=O)=O,1.671
CC1=C(C=C(C=C1N(=O)=O)N(=O)=NN(=O)=O)N(=O)=O,1.65
O=N(=O)OCCN(CCON(=O)=O)N(=O)=O,1.67
CN1N=C(C(N)=C1N(=O)=O)N(=O)=O,1.67
FC(COC(=N)C(F)(N(=O)=O)N(=O)=O)(N(=O)=O)N(=O)=O,1.671
CC(CN(F)C(F)C(C)(N(=O)=O)N(=O)=O)(N(=O)=O)N(=O)=O,1.671
O=N(=O)C1=CC=C(C=C1)N(=O)=O,1.67
O=N(=O)C1=CC(=C(NC2=NC=CC=N2)C(=C1)N(=O)=O)N(=O)=O,1.67
CN1C(=O)C(=O)C2=C1C=C(C(=C2)C(F)(F)F)N(=O)=O,1.67
CC1=NC(CBr)=C(O1)C1=CC=C(C=C1)N(=O)=O,1.67
OC1=CC=C(C2=C1C(=O)C1=C(O)C=CC=C1C2=O)N(=O)=O,1.669
CC1=NC(=C(Br)N1CC(=O)C1=CC=CC=C1)N(=O)=O,1.669
CN1N=NC(NN(=O)=O)=N1,1.691
F[C@]1([C@H]2C[C@H](C=C2)[C@@]1(F)N(=O)=O)N(=O)=O,1.667
C[C@]1(C=C(Cl)[C@@](C)(N(=O)=O)[C@@](C)(C1=O)N(=O)=O)N(=O)=O,1.667
O=N(=O)[C@H]1OC2=C(C=CC=C2)[C@@H]1N(=O)=O,1.666
BrC1=C(C=CC=C1)N(=O)=O,1.657
FCC1=NC=CC=C1N(=O)=O,1.707
OC(=O)C1=NC=C(C=C1)N(=O)=O,1.712
NC1=CC=C(N)C(=C1N(=O)=O)N(=O)=O,1.693
OC(=O)C1=C(Cl)C(=CC=C1)N(=O)=O,1.664
OC1=C(C(Cl)=C(C=C1N(=O)=O)N(=O)=O)N(=O)=O,1.637
NC1=C(O)C=CC(=C1)N(=O)=O,1.661
CC(=O)C1=C(O)C(=C(O)C(=C1)N(=O)=O)N(=O)=O,1.661
COC(=O)C(=O)NC1=CC=C(C=C1N(=O)=O)N(=O)=O,1.661
COC1=C(N=CN1)N(=O)=O,1.71
O=N(=O)N1CN2CN(C1)CN(C2)N(=O)=O,1.66
NC1=C(C=C(C=C1N(=O)=O)N1C=NC=N1)N(=O)=O,1.66
C[C@@]1(Cl)C(=O)[C@](C)(C=C(Cl)[C@@]1(C)N(=O)=O)N(=O)=O,1.66
FC(F)(N(=O)=O)C(Cl)(Cl)Cl,1.66
NNC1=C(C=C(C=C1)N(=O)=O)N(=O)=O,1.659
O=C1CN(C(=O)N1)\N=C\C1=CC=C(O1)N(=O)=O,1.656
ClC(Cl)(Cl)N(=O)=O,1.657
O=N(=O)CC1=NC(CN(=O)=O)=NC(CN(=O)=O)=N1,1.656
COC1=C(C=C(C=C1N(=O)=O)N(=O)=O)N1C=NN=N1,1.656
O=N(=O)\N=C1\N(N=NC1=N#N)C1=CC=CC=C1,1.671
COC(=O)C1=CC(=CC(=C1)N(=O)=O)N(=O)=O,1.698
OC(=O)C1=CC(=CC=C1O)N(=O)=O,1.656
CC1=NN(C2C3=N(=O)ON=C3NC=C2N(=O)=O)C(C)=C1N(=O)=O,1.696
CCN(CN(CC(F)(N(=O)=O)N(=O)=O)N(=O)=O)N(=O)=O,1.653
OC1=C(Cl)C=C(C=C1Cl)\N=C\C1=CC=C(O1)N(=O)=O,1.676
CN(C)C1=NC=C(C(Cl)=N1)N(=O)=O,1.695
FC(F)(F)C1=CC(=C(OC2=CC=C(C=C2)N(=O)=O)C=C1)N(=O)=O,1.7
Br\C(=C\C1=CC=C(C=C1)N(=O)=O)C(=O)C1=CC=CC=C1,1.643
O=N(=O)C(CNN1C=NN=C1)(N(=O)=O)N(=O)=O,1.65
NN1C=NC(=C1N=N#N)N(=O)=O,1.65
CC1=CC(=C(C=C1N(=O)=O)N(=O)=O)N(=O)=O,1.65
FC(COCC(F)(N(=O)=O)N(=O)=O)(N(=O)=O)N(=O)=O,1.651
O=N(=O)C1(COC1)N(=O)=O,1.65
NC1=C(C=C(C=C1N1C=NC=N1)N(=O)=O)N(=O)=O,1.65
CC1=C(C=C(C=C1N(=O)=O)N(=O)=O)N(=O)=O,1.65
C[C@]1(Cl)C(=O)[C@@](C)(C=C(Cl)[C@@]1(C)N(=O)=O)N(=O)=O,1.65
O=N(=O)C(N(=O)=O)(N(=O)=O)N(=O)=O,1.651
CC1=C(Cl)[C@](C)(C(=O)[C@@](C)([C@H]1N(=O)=O)N(=O)=O)N(=O)=O,1.649
O=N(=O)C(N(=O)=O)N(=O)=O,1.651
O=C1CCC(=O)N1N(=O)=O,1.648
CN(C1=CC(=CC=C1N(=O)=O)N(=O)=O)N(=O)=O,1.648
C[C@@]1(C=C(Cl)[C@](C)(N(=O)=O)[C@@](C)(C1=O)N(=O)=O)N(=O)=O,1.647
O=N(=O)C1=CC=C(C=C1)C1=NN=C(N=N1)C1=CC=C(C=C1)N(=O)=O,1.682
FC(F)(F)C1=CC(=CC(Cl)=C1Cl)N(=O)=O,1.646
OC1=C(C=CC=C1N(=O)=O)N(=O)=O,1.645
BrC1=CC=C(C=C1)C1(CCCCC1=O)N(=O)=O,1.645
CCN(C1=C(C=C(C=C1N(=O)=O)N(=O)=O)N(=O)=O)N(=O)=O,1.648
COC1=CC(=C(OC)C2=C1C=CC=C2)C(N(=O)=O)(N(=O)=O)N(=O)=O,1.643
[H][C@]12OC[C@@H](ON(=O)=O)[C@@]1([H])OC[C@@H]2F,1.69
CNC1=C(C=C(C=C1N(=O)=O)N(=O)=O)N(=O)=O,1.642
O=N(=O)C1=NN(COCN2C=NC(=N2)N(=O)=O)C=N1,1.641
COC1=C\C(=C(\N(=O)=O)N(=O)=O)C(=O)C2=C1C=CC=C2,1.641
O=N(=O)C(C1=NNC=C1)(N(=O)=O)N(=O)=O,1.64
O=N(=O)O[C@@H]1COC[C@@H]1ON(=O)=O,1.64
COC1=C(C=C(C=C1N(=O)=O)N1C=NC=N1)N(=O)=O,1.64
COC1=C(C(=C(C=C1N(=O)=O)N(=O)=O)N(=O)=O)N(=O)=O,1.64
COC(=O)C1=CC(=C(C=C1)N(=O)=O)N(=O)=O,1.64
CN(C)C1=C(C2=NON=C2C(Cl)=C1)N(=O)=O,1.64
C[N+]1=CN([N-]C2=NC=C(C=C2N(=O)=O)N(=O)=O)C=N1,1.64
BrC1=C(C2=CC(=CC=C2N1)N(=O)=O)C1=CC=CC=C1,1.639
OC(=O)C(F)(Cl)N(=O)=O,1.639
NC(=O)OCCCC(N(=O)=O)(N(=O)=O)N(=O)=O,1.668
O=C(OCC(N(=O)=O)(N(=O)=O)N(=O)=O)C1=CC=CC=C1,1.681
NC1=C(C=CC(=C1)N(=O)=O)C(O)=O,1.686
O=N(=O)N1CCN(CC1)N(=O)=O,1.638
CN1N=NN=C1N(CC(C)(N(=O)=O)N(=O)=O)N(=O)=O,1.637
O=N(=O)C12C3CC4CC1CC(C4)C3(N(=O)=O)N(=O)=N2=O,1.637
CC1=CC(=C(C=C1)C1=C(O)C=CC(Br)=C1)N(=O)=O,1.633
FN=N(=O)C(F)(F)C(F)(F)N(=O)=O,1.635
COC1=CC(C)=C(F)C=C1C(N(=O)=O)(N(=O)=O)N(=O)=O,1.634
FC(F)(F)C(F)(N(=O)=O)C(F)(F)N(=O)=O,1.633
FC(F)(Cl)C(F)(Cl)N(=O)=O,1.632
CN(C)NC1=C(C=C(C=C1N(=O)=O)N(=O)=O)N(=O)=O,1.673
[H][C@@]12[C@@H](C(C)=C(C)[C@@](C)(ON(=O)=C1N(=O)=O)[C@@H]2N(=O)=O)N(=O)=O,1.631
CC1=CC=C(C=C1N(=O)=NN(=O)=O)N(=O)=NN(=O)=O,1.61
CN1N=NC(=C1C1=C(N(C)N=N1)N(=O)=O)N(=O)=O,1.63
CN1N=C(C(=N1)N(=O)=O)C1=C(N=NN1C)N(=O)=O,1.63
CN1N=C(C([N+]#N)=C1[O-])N(=O)=O,1.63
COC(=O)CN1C=NC(=C1N(=O)=O)N(=O)=O,1.63
BrC1=CC2=C(OC3=CC=CC=C3[C@H](CN(=O)=O)N2)C=C1,1.632
O=C(CON(=O)=O)N[C@H]1CCOC1=O,1.665
OC1=C(NC2=NC=C(C=C2N(=O)=O)N(=O)=O)C=CC=C1,1.673
NC1=C(C=C(C=C1)N(=O)=O)N(=O)=O,1.63
ClC1=CN(N=C1)C1=CC=C(C=C1N(=O)=O)N(=O)=O,1.63
C[C@@]1(Cl)C(=O)[C@@](C)(C=C(Cl)[C@@]1(C)N(=O)=O)N(=O)=O,1.63
COC1=C[C@H](C(C)=C[C@H]1C(N(=O)=O)(N(=O)=O)N(=O)=O)N(=O)=O,1.629
OC(=O)CCC1(CN(CN(C1)N(=O)=O)N(=O)=O)N(=O)=O,1.629
O=N(=O)C1=CC(=CC(CN2C=CN=N2)=C1)N(=O)=O,1.676
FC(F)(F)[C@@H]1O[C@H]1C1=CC=C(C=C1)N(=O)=O,1.628
O=N(=O)C1=CC(=C(NC2=CC=CC=C2)C2=NON=C12)N(=O)=O,1.625
O=N(=O)C1=CC2=C(C=C1N(=O)=O)N1C=CC=CC1=N2,1.666
O=N(=O)NC1=CC=CN=C1,1.623
O\N=C\C1=CC=C(O1)N(=O)=O,1.623
NC1=NC=C(C=C1)N(=O)=O,1.623
NC(=O)C1=CC(=CC(=C1)N(=O)=O)N(=O)=O,1.623
FC(F)(F)C(F)(N=O)C(F)(F)N(=O)=O,1.628
COC1=C(C=C(C=C1N(=O)=O)N1C=NN=N1)N(=O)=O,1.628
O=N(=O)C1CN(C1)N(=O)=O,1.622
COC1=C(C=C(C=N1)N(=O)=O)N(=O)=O,1.622
FC(F)(F)C1=CC(=C(C=C1)N1C=CN=N1)N(=O)=O,1.622
ClC1=C(C(=NC=C1)N1CCCC1=O)N(=O)=O,1.669
O=N(=O)C(C1=NC=CC=C1)(N(=O)=O)N(=O)=O,1.62
CN1N=C(C2=NN(C)N=C2N(=O)=O)C(=N1)N(=O)=O,1.62
CC(=O)C1=C(O)C(=CC(=C1)N(=O)=O)N(=O)=O,1.621
COC1=CC(=C2N=CC=CC2=C1O)N(=O)=O,1.62
CC1=C(C=C(C=C1N(=O)=O)N1C=NC=N1)N(=O)=O,1.62
C[C@@]1(O)[C@@H](C(=C[C@](C)(C1=O)N(=O)=O)N(=O)=O)N(=O)=O,1.62
CCOC1=NC=C(C=C1N(=O)=O)N(=O)=O,1.662
CCOC(=O)C1=CC2=C(C=C(Cl)N2C=N1)N(=O)=O,1.66
O=N(=O)NC1=NC=CC=C1,1.617
FCC(=O)C1=C(C=CC=C1)N(=O)=O,1.659
CN1C=NC(=C1C1=CN(N=N1)C1=CC=C(Cl)C=C1)N(=O)=O,1.616
FCCOC(=O)C1=CC(=CC(=C1)N(=O)=O)N(=O)=O,1.616
[H][C@]12CC3=C(C=CC=C3OC)[C@]([H])(ON=C1N(=O)=O)O2,1.663
OC(=O)\C=C\C1=CC=C(O1)N(=O)=O,1.615
FC(F)(Cl)C(=O)\C=C/NC1=CC=C(C=C1)N(=O)=O,1.615
OC(NC1=NC=CC=N1)C1=C(C=C(C=C1)C(F)(F)F)N(=O)=O,1.614
O=N(=O)C1=CC2=C(NC3=C(O2)C=CC=C3)N=C1,1.656
CN1N=NC(=N1)N(CC(C)(N(=O)=O)N(=O)=O)N(=O)=O,1.612
O=N(=O)C1=NOC=C1C1=C(C=CC=C1)N(=O)=O,1.613
FC1=CC(=CC(F)=C1N(=O)=O)N1CCOCC1,1.652
FC1=CC=C(C=C1)C#CC1=NC=C(C=C1N(=O)=O)N(=O)=O,1.654
FC(F)(F)C1=CC(=CC(=C1)C1=CC=C(C=N1)N(=O)=O)C(F)(F)F,1.611
COC1=CC(=C(NC(=O)\C=C\C(O)=O)C=C1)N(=O)=O,1.646
OC(=O)C1=CC=CC=C1N=CC1=C(C=C2OCOC2=C1)N(=O)=O,1.653
OC(=O)C1=CC(=CC=C1C1=C(C=C(C=C1)N(=O)=O)N(=O)=O)N(=O)=O,1.61
O=N(=O)C1=C(C=C(C=C1)N1C=NC=N1)N(=O)=O,1.61
O=C(NC1=C(C=C(C=C1)N(=O)=O)N(=O)=O)C1=CC=C(C=C1)N(=O)=O,1.61
COC1=C(C=C(C=C1N(=O)=O)N(=O)=O)N(=O)=O,1.61
CC1=C(Cl)[C@@](C)(C(=O)[C@@](C)([C@@H]1N(=O)=O)N(=O)=O)N(=O)=O,1.609
FC(F)(N(=O)=O)C(F)(F)N(=O)=O,1.609
CC(=O)NC1=C(C=C(C=C1)C1=NN=NN1)N(=O)=O,1.609
OC(=O)C1=C(Cl)C=CC(=C1)N(=O)=O,1.61
O=N(=O)C1=CC=CC(=C1)C1=NN=C(N=N1)C1=CC=CC(=C1)N(=O)=O,1.644
COC1=CC=C(C2=C1C=CC=C2)C(N(=O)=O)(N(=O)=O)N(=O)=O,1.607
C\C(N(=O)=O)=N/O,1.607
CC(=O)NC1=C(Cl)C=C(C=C1Cl)N(=O)=O,1.606
O=C1CCC(=O)N1C1=CC=C(C=C1)N(=O)=O,1.648
CCOC(=O)C1=CC2=CC(=CC(=C2C=C1O)N(=O)=O)N(=O)=O,1.653
CONC1=C(C=C(C=C1N(=O)=O)C(=O)OC)N(=O)=O,1.605
NC1=CC(C(O)=O)=C(C=C1)N(=O)=O,1.605
FON(=O)=O,1.628
CC(=O)NC1=C(C=C(OCC(F)(F)F)C=C1)N(=O)=O,1.604
O=C1C2=CC(=CC(=C2C2=C1C=C(C=C2N(=O)=O)C#N)N(=O)=O)C#N,1.651
CC1(C)OC2=CC(=C(C=C2O1)N(=O)=O)N(=O)=O,1.651
FC1=C(Cl)C=C(Cl)C(=C1)N(=O)=O,1.605
CN(C)C1=C(Cl)C(=O)N(C)N=C1N(=O)=O,1.603
O=N(=O)C1=CC=CC2=C(C=CC=C12)N(=O)=O,1.602
CC1=C(Cl)[C@@](C)(C(=O)[C@@](C)([C@H]1N(=O)=O)N(=O)=O)N(=O)=O,1.602
NC1=CC(=CC(=C1)N(=O)=O)N(=O)=O,1.602
CC(=O)C[C@H](CN(=O)=O)C1=CC=C(Br)C=C1,1.62
OCCNC1=CC(NCCO)=C(C=C1N(=O)=O)N(=O)=O,1.599
ClC1=C(C#N)C(=CC=C1)N(=O)=O,1.599
CO[C@H]1O[C@@H]2COC(C)O[C@H]2[C@H](ON(=O)=O)[C@H]1ON(=O)=O,1.646
[H][C@]12ON3O[C@@]1(C)C(C)=C(C)[C@]([H])([C@@H]2N(=O)=O)C3(N(=O)=O)N(=O)=O,1.598
OC(=O)C1=CC=C(C=C1)N(=O)=O,1.597
NC1=C(C(N)=C(C2=CN(N=C12)C1=CC=CC=C1)N(=O)=O)N(=O)=O,1.598
FC(N(=O)=O)(N(=O)=O)N(=O)=O,1.598
FC(N(=O)=O)N(=O)=O,1.597
CCN1C2=CC(=CC=C2N=C1C(F)(F)F)N(=O)=O,1.596
O=N(=O)C1=CC(=C(OC2=CC=CC=C2)C(=C1)N(=O)=O)N(=O)=O,1.638
CC1=C(Cl)[C@](C)(C(=O)[C@](C)(O)[C@@H]1N(=O)=O)N(=O)=O,1.595
CC(COC(N)=O)(N(=O)=O)N(=O)=O,1.642
NC1=CC(Cl)=CC=C1N(=O)=O,1.593
C[C@]12CC[C@@]1(C)N(C(=O)N2N(=O)=O)N(=O)=O,1.593
C[C@@]1(O)[C@@H]([C@H](CC1=O)C1=CC(Br)=CC=C1)N(=O)=O,1.593
FN(F)C(F)(N(=O)=O)N(=O)=O,1.594
CN(C1=CC=CC(=C1N(=O)=O)N(=O)=O)N(=O)=O,1.592
O=N(=O)C1=C2C=CC=CC2=CC2=CC=CC=C12,1.591
CC(=O)C1=C(O)C(=CC(Cl)=C1)N(=O)=O,1.591
ONC(=O)C1=CC=C(C=C1)N(=O)=O,1.591
CC1=CC(=C(C)C(=C1N(=O)=O)N(=O)=O)N(=O)=O,1.591
O=N(=O)C1=C2C=CC=CC2=C(C2=C1C=CC=C2)N(=O)=O,1.59
O=N(=O)C1=C(C=CC=C1)C1=NC(=NO1)C1=C(C=CC=C1)N(=O)=O,1.59
NC(=O)CN(=O)=O,1.59
COC1=CC(N2C=NC=N2)=C(C=C1N(=O)=O)N(=O)=O,1.59
COC1=C(C=C(C=C1N(=O)=O)N(=O)=O)N1C=NC=N1,1.59
COC(=O)C12C3C4C5C(C1C35N(=O)=O)C24N(=O)=O,1.59
ClC1=CC=C(\C=C\N(=O)=O)C(Cl)=C1,1.59
CC1=CC=C2[C@H]3ON4O[C@@]3(C)[C@H](O)[C@H](C2=C1)C4(N(=O)=O)N(=O)=O,1.59
C[C@]1(C=C[C@](C)([C@H]([C@@H]1ON(=O)=O)N(=O)=O)N(=O)=O)N(=O)=O,1.59
COC1=C(C(OC)=C(C(OC)=C1N(=O)=O)N(=O)=O)N(=O)=O,1.59
C[C@]1(CN(=O)=O)CCC2=C(C1)NC1=C2C=C(Br)C=C1,1.59
O=N(=O)OCC(CON(=O)=O)ON(=O)=O,1.587
FC(F)(\N=N\C1=CC=C(C=C1)N(=O)=O)C1=NC2=CC=CC=C2O1,1.588
ClC1=CC=CC(Cl)=C1\C=C\N(=O)=O,1.588
O=N(=O)C1=CC=CC(=C1)N1C=NN=N1,1.635
O=N(=O)C1=CC=CC2=CC=CC(=C12)N(=O)=O,1.587
O=N(=O)C1=CC(=CC=C1)N=N#N,1.634
CN(C1=C(C=CC=C1)N(=O)=O)N(=O)=O,1.633
CCN1C2=CC=C(C=C2N=C1C(F)(F)F)N(=O)=O,1.585
NC1=NC=CC=C1N(=O)=O,1.584
ClC1=CC=C(C(=C1)C#N)N(=O)=O,1.584
OCC(F)(N(=O)=O)N(=O)=O,1.585
COC1=CC(N2C=CN=N2)=C(C=C1N(=O)=O)N(=O)=O,1.583
CN(C)C1=C(Cl)C(=NN(C)C1=O)N(=O)=O,1.584
COC(=O)[C@@](C)([C@@H](CC(=O)N1CCOC1=O)C(F)(F)F)N(=O)=O,1.583
COC1=C[C@@H](C=C[C@]1(C)N(=O)=O)C(N(=O)=O)(N(=O)=O)N(=O)=O,1.582
[H][C@@](O)(CO)[C@]([H])(O)[C@]([H])(O)[C@@]([H])(O)[C@]([H])(O)CN(=O)=O,1.582
OC(NC1=NC=CC=N1)C1=C(C=CC(Cl)=C1)N(=O)=O,1.581
CC(=O)N1CC(CN1C(C)=O)(N(=O)=O)N(=O)=O,1.629
O=N(=O)C1=CC(=C(N2CCCC2)C(=C1)N(=O)=O)N(=O)=O,1.58
[H][C@]12[C@@H](O)[C@](C)(ON(=O)=C1N(=O)=O)C(C)=C(C)[C@H]2N(=O)=O,1.58
CC1=C(C=C(C=C1N(=O)=O)N(=O)=O)N1C=NC=N1,1.514
CN1C(COC(N)=O)=NC=C1N(=O)=O,1.578
CN1N=C(N)C(=N1)N(=O)=O,1.577
C[C@]12C[C@@]1(C)N(C(=O)N2N(=O)=O)N(=O)=O,1.575
O=N(=O)C1=CN(N=C1)C1=NC(=CC=C1)N1C=CC=N1,1.622
OC[C@H]1O[C@H](OC2=CC=C(C=C2)N(=O)=O)[C@H](O)[C@@H](O)[C@@H]1O,1.574
O=N(=O)C1=CC(=CC(=C1)C#N)N(=O)=O,1.574
CNC1=CC=C(C=C1N(=O)=O)N(=O)=O,1.575
O=N(=O)C1=COC2=CC=CC=C12,1.572
O=N(=O)OCC(CON(=O)=O)(N(=O)=O)N(=O)=O,1.569
O=N(=O)C1=CC=C(C=C1)N=N#N,1.619
NC1=CC(=CC(F)=C1N(=O)=O)N1CCOCC1,1.619
CC(=O)C1=C(O)C=C(O)C(=C1)N(=O)=O,1.571
O=N(=O)C1=CC(=C(NC2=CC=CC=C2)C(=C1)N(=O)=O)N(=O)=O,1.573
COC1=CC=C(NC(=O)C2=CC=CC=C2C(O)=O)C(=C1)N(=O)=O,1.606
O=C1CCC(=O)N1C1=CC(=CC=C1)N(=O)=O,1.613
COC1=C(C(N2C=NC=N2)=C(C=C1)N(=O)=O)N(=O)=O,1.57
COC1=C(C(=CC=C1)N(=O)=O)N(=O)=O,1.57
CC1=CC=CC2=C1[C@H]1[C@@H](O)[C@@H]3ON(O[C@]23C)C1(N(=O)=O)N(=O)=O,1.57
CC1=C(N(=O)=O)[C@@](C)(N(=O)=O)[C@@](C)(C(=O)[C@@]1(C)N(=O)=O)N(=O)=O,1.57
CC1=C(C=CC=C1N(=O)=O)N(=O)=O,1.57
OC(=O)C1=CC=C(CON(=O)=O)C=C1,1.609
[H][C@](O)(CO)[C@]([H])(O)[C@@]([H])(O)[C@@]([H])(O)CN(=O)=O,1.569
CON=C(C)C1=CC=C(C=C1NC1CCCCC1)N(=O)=O,1.569
FC(F)(F)C1=CC=CC(=C1)N1N=NC=C1C1=CC=C(C=C1)N(=O)=O,1.616
CC1=CC(N2C=NN=N2)=C(C=C1N(=O)=O)N(=O)=O,1.573
OC(=O)C1=CC(=CC=C1C1=CC=C(C=C1)N(=O)=O)N(=O)=O,1.567
CN1C=CC=C1C(=O)C(Cl)(Cl)C(=O)C1=CC=C(C=C1)N(=O)=O,1.602
O=N(=O)C1=NNC=C1,1.566
O[C@@H]1CO[C@@H](OC2=CC=C(C=C2)N(=O)=O)[C@H](O)[C@H]1O,1.565
CC(=O)N(C(C)=O)C1=C(Cl)C=C(C=C1Cl)N(=O)=O,1.565
ClC1=C(C=CC(=N1)C1=CC=CC=C1)N(=O)=O,1.589
CC(C)N(C1=C(C=C(C=C1N(=O)=O)N(=O)=O)N(=O)=O)N(=O)=O,1.567
OC[C@H]1O[C@@H]([C@@H](O)[C@@H]1O)N1C=CN=C1N(=O)=O,1.563
O=N(=O)C1=CC(=C(C=C1)N1CCCCC1)N(=O)=O,1.563
CN1C=C(N=C1C1=NC=C(N1C)N(=O)=O)N(=O)=O,1.562
FC(F)(N(=O)=O)N(=O)=O,1.563
COC(=O)C1=CC2=C(OCO2)C=C1C1=C(C=CC(CO)=C1)N(=O)=O,1.597
O=N(=O)C1=CC=CC2=C1NN=C2,1.496
NN1C=NC(=C1)N(=O)=O,1.56
COC(=O)[C@]1(Cl)O[C@H]1C1=CC=C(C=C1)N(=O)=O,1.561
CN1C=CC=C1C(=O)C(Cl)(Cl)C(O)C1=CC=C(C=C1)N(=O)=O,1.596
CN(C1=CC(=CC=C1)N(=O)=O)N(=O)=O,1.608
CC1=C(C#N)C(=O)[C@](C)(N(=O)=O)[C@](C)(N(=O)=O)[C@@]1(C)N(=O)=O,1.56
C[C@@]1(O)C=C([C@@H](N(=O)=O)[C@@](C)(O)C1=O)N(=O)=O,1.56
ClC1=NC=CC=C1C(=O)NNC1=CC=CC=C1N(=O)=O,1.602
O=N(=O)C1=NOC=C1C1=CC=CC(=C1)N(=O)=O,1.559
COC1=CC(=CC(=C1)N(=O)=O)N(=O)=O,1.561
CC1=C[C@@](C)(N(=O)=O)[C@@](C)(N(=O)=O)[C@](C)(C1=O)N(=O)=O,1.558
O=C(NCCNN(=O)=O)NCCNN(=O)=O,1.556
CC1=C(C)[C@](C)(C(C)=C[C@H]1C(N(=O)=O)(N(=O)=O)N(=O)=O)N(=O)=O,1.556
O=N(=O)C1=CC=CC=C1N=N#N,1.607
ClC1=C(C=CC2=CC=CC=C12)N(=O)=O,1.555
CCOC(=O)C(F)(F)CC1CC2=C(O1)C=CC(=C2)N(=O)=O,1.554
ClC1=CC=C(C=C1)C1=CON=C1N(=O)=O,1.554
NC1=CC=C(C(N)=C1)N(=O)=O,1.553
FCCOC(=O)C1=CC=C(C=C1)N(=O)=O,1.594
O=N(=O)C1=CC(=C(NC2=NN=NN2)C(=C1)N(=O)=O)N(=O)=O,1.552
O=C(N\N=C\C1=CC=C(O1)N(=O)=O)C1=CC=NC=C1,1.552
O[C@@H]1CO[C@H](NC2=CC=C(C=C2)N(=O)=O)[C@H](O)[C@H]1O,1.552
CC1=NC(C(Cl)Cl)=C(C(=N1)N1CCOCC1)N(=O)=O,1.569
O=N(=O)C1=CNN=C1,1.599
COC(=O)C1=C(C)NC(Cl)=C(C=O)C1C1=C(C=CC=C1)N(=O)=O,1.551
COC1=CC(N)=C(C=C1)N(=O)=O,1.598
OC(=O)CNC1=CC=C(C=C1)N(=O)=O,1.55
O=N(=O)C1=CC=C(C=C1)C1=NC(=NO1)C1=CC(=CC=C1)N(=O)=O,1.55
[H][C@]12CCCN1[C@@]1([C@H]([C@@H]2C(F)(F)F)N(=O)=O)C(=O)NC2=C1C=CC=C2,1.55
O=N(=O)C1=CC(=C(\C=C\C2=CC3=C(OCO3)C=C2)C=C1)N(=O)=O,1.549
OC1=C2N=CC=CC2=C(C=C1)N(=O)=O,1.55
CC1=C(Cl)[C@](C)(C(=O)[C@@](C)(O)[C@H]1N(=O)=O)N(=O)=O,1.549
[H][C@@]12C[C@@H](Cl)C(=O)N1CCC[C@H]2ON(=O)=O,1.519
CC1(C)ON=C2C(Cl)=C(C(Cl)=CC2=N1=O)N(=O)=O,1.549
CC1=CC(=C(C(=C1)N(=O)=O)N(=O)=O)N(=O)=O,1.549
CO\N=C(/N=N#N)C1=CC=C(C=C1)N(=O)=O,1.592
[H][C@@]12CCCC(=O)[C@]1([H])[C@@H](CN(=O)=O)C1=CC(Br)=CC=C1O2,1.548
CN1C2=CC=CC=C2C(=C1N(=O)=O)C1=CC(=CC=C1)C(F)(F)F,1.577
CC1=CC=C(C=C1)C(=O)C1=C2N=CC(=CC2=NO1)N(=O)=O,1.59
[H][C@@](O)(CO)[C@@]([H])(O)[C@]([H])(O)[C@@]([H])(O)[C@@]([H])(O)CN(=O)=O,1.547
CC1=NOC([C@@H]2[C@H](C=O)[C@H]2C2=CC=C(C=C2)C(F)(F)F)=C1N(=O)=O,1.589
O=N(=O)C1=CC=C(NC2=CC=CC=C2)C(=C1)N(=O)=O,1.594
O=CC1=CC=C(C=C1)N(=O)=O,1.546
NC(=O)N\N=C\C1=CC=C(O1)N(=O)=O,1.546
CCOC(=O)N(C1=NON=C1N(C(=O)OCC)N(=O)=O)N(=O)=O,1.546
O=CNC1=CC=C(C=C1)N(=O)=O,1.593
FC1=CC(F)=C(C(=C1)N1CCOCC1)N(=O)=O,1.584
O=N(=O)C1=CN=C(N2CCCCC2)C(=C1)N(=O)=O,1.587
O=N(=O)C1=CC2=N(=O)C3(CCCC3)N(=O)=C2C=C1,1.592
FC(F)(F)C1=CC=C(Cl)C(=C1)N(=O)=O,1.543
CN(C1=CC=C(O)C=C1)C1=CC=C(C2=NON=C12)N(=O)=O,1.566
OC(=O)CC1=CC=CC(=C1)N(=O)=O,1.585
COC1=CC=C(C=C1)\C=C\N(=O)=O,1.542
CC(=O)C1=CC=C(NC2=C(C3=NON=C3C=C2)N(=O)=O)C=C1,1.542
C\C=N\NC1=C(C=C(C=C1)N(=O)=O)N(=O)=O,1.541
O=N(=O)C1=CC(=C(CN2C=CN=N2)C=C1)N(=O)=O,1.54
O=N(=O)C1=C(C=C(CN2C=CN=N2)C=C1)N(=O)=O,1.541
CN(C1CC1)C1=CC(F)=C(C(F)=C1)N(=O)=O,1.58
O=N(=O)C1=CC=CC(=C1)C1=NC(=NO1)C1=CC(=CC=C1)N(=O)=O,1.54
O=N(=O)C1=CC(=C(NN=CC2=CC=CC=C2)C=C1)N(=O)=O,1.54
O=C1NC2=C(C=CC=C2N(=O)=O)C2=C1C=CC=C2,1.54
NC1=CC=C(C=C1O)N(=O)=O,1.54
CCOC(=O)CNC(=O)OCC(N(=O)=O)(N(=O)=O)N(=O)=O,1.54
CC1=C(N(=O)=O)[C@@](C)(N(=O)=O)[C@@](C)(C(=O)[C@]1(C)N(=O)=O)N(=O)=O,1.54
OC1=C(C=NN2C=NN=C2)C=C(C=C1)N(=O)=O,1.575
O=C1CCCN1N(=O)=O,1.587
O=N(=O)C1=CC=C(OC2=CC=C(C=C2)N(=O)=O)C=C1,1.586
FC1=CC(=CC=C1N(=O)=O)N1CCOCC1,1.577
[H][C@](O)(CO)[C@]([H])(O)[C@@]([H])(O)[C@]([H])(O)CN(=O)=O,1.537
[H][C@@]12CC(C)=C(C)C[C@@]1(C=C(C1=NON(=O)=C21)C(F)(F)F)N(=O)=O,1.537
OC1=CC=C(C=C1)\N=C\C1=CC=C(O1)N(=O)=O,1.56
O=N(=O)C1=CC=N(=O)C(=C1)C1=NC=CC=C1,1.576
O=C1N(C(=O)C2=C1C=CC=C2)C1=CC(=CC=C1)N(=O)=O,1.579
NC1=CC=C(C=C1C#N)N(=O)=O,1.579
CC1(C)OC(=O)C(F)(C(=O)C2=C(C=CC=C2)N(=O)=O)C(=O)O1,1.579
OC\C(N(=O)=O)=C/C1=CC=CO1,1.584
COC1=NC(=NC(=N1)C(=N\O)\N(=O)=O)N1CCOCC1,1.583
ClC1=CC(=CC=C1)N(=O)=O,1.535
CCCCN(CN(CC(F)(N(=O)=O)N(=O)=O)N(=O)=O)N(=O)=O,1.535
O=N(=O)C1=CC=CC(N\N=C\C2=C(C=CC=C2)N(=O)=O)=C1,1.577
FC1=CC=C(C=C1)N1CCN(CC1)C(=O)C(F)(F)N(=O)=O,1.534
NC(=CC(C(C#N)C#N)C1=CC=C(C=C1)N(=O)=O)C(F)(F)F,1.581
CN(CCON(=O)=O)N(=O)=O,1.533
CC(C)(N(=O)=O)C(C)(N(=O)=O)N(=O)=O,1.533
ClC1=CC=C(C=C1)C(N(=O)=O)(N(=O)=O)N(=O)=O,1.533
COC1=CC=C(NC(=O)CCC(O)=O)C(=C1)N(=O)=O,1.568
COC1=CC=C(C=C1)C(=O)CC1C(=CNC=C1N(=O)=O)N(=O)=O,1.575
CC1=CC=C(NC2=C(C=C(C=C2N(=O)=O)N(=O)=O)N(=O)=O)C=C1,1.532
CN(C)CCNC1=C(C(Cl)=CC2=N(=O)ON=C12)N(=O)=O,1.531
ON(C1CCCO1)C1=CC(=NO1)N(=O)=O,1.531
FC(F)(F)[C@H](CN(=O)=O)N1[C@@H](COC1=O)C1=CC=CC=C1,1.56
CN(C)N(=O)=NOC1=CC(O)=C(C=C1N(=O)=O)C#N,1.566
ClC1=CC=C(OC(=O)C2=CC=C(C=C2)N(=O)=O)C=C1,1.566
O=N(=O)C1=CC(=C(N2CCCCC2)C(=C1)N(=O)=O)N(=O)=O,1.53
O=N(=O)C1=CC(=C(C=C1)N1C=NC2=C1C=CC=N2)N(=O)=O,1.53
COC1=C(C2=C(C=C1)C=CC(OC)=C2N(=O)=O)N(=O)=O,1.53
CO\N=C(\Cl)C1=CC=C(C=C1)N(=O)=O,1.53
CCOC(=O)CNCC(N(=O)=O)(N(=O)=O)N(=O)=O,1.53
O=C(C1=NC=CC=C1)C1=C(C=C(C=C1)N(=O)=O)N(=O)=O,1.464
O=C1N(C(=O)C2=CC(=CC=C12)N(=O)=O)C1=CC=CC=C1,1.572
O=C(OCC1=CC=CC=C1)C1=CC(=CC(=C1)N(=O)=O)N(=O)=O,1.572
FC(F)C1=C(C(=NN1)N(=O)=O)C1=CC=CC=C1,1.576
COC1=CC=C(C=C1)N1C(=O)C2=CC=C(C=C2C1=O)N(=O)=O,1.527
CC1=NNC=C1N(=O)=O,1.527
CC1=C(C(=O)NC=C1)N(=O)=O,1.527
COC(=O)C(\C1=CC=C(O1)\C=C\N(=O)=O)=C/N(=O)=O,1.527
O=C1CCC(=O)N1C1=CC=CC=C1N(=O)=O,1.569
[H][C@]12O[C@]1(OCC(C)(C)N[C@H]2C1=CC=CC(=C1)N(=O)=O)C(F)(F)F,1.574
CC(=O)NC1=NC(N[C@H]2C[C@H](O)[C@@H](CO)C2)=C(C(=O)N1)N(=O)=O,1.549
O=C1NCCCNC2=C(OC3=C1C=CC=C3)C=C(C=C2)N(=O)=O,1.573
BrC1=C(C[C@@H](C[C@H]2CCCCC2=O)N(=O)=O)C=CC=C1,1.573
OC(NC1=NC=CC=N1)C1=C(C=C(C=C1)N(=O)=O)N(=O)=O,1.525
COC1=C(OC)C=C(C=C1)C(=C/N(=O)=O)\C(F)(F)F,1.525
OCC1(CON(=O)=O)COC1,1.569
[H][C@@]12CC(C)=C(C)C[C@@]1(C1=NON(=O)=C1C1=NON(=O)=C21)N(=O)=O,1.524
CC1=CC(=CC=C1)N(=O)=O,1.523
CN1C=CC=C1C(=O)C(Cl)(Cl)CC1=CC=C(C=C1)N(=O)=O,1.559
O=N(=O)C1=CC=CC(=C1)C1OCCO1,1.523
CCCC(O)C(Br)N(=O)=O,1.523
CC1=CC(NN(=O)=O)=NC=C1,1.486
O=N(=O)C1=CC=C(N2CCCC2)C2=NON=C12,1.523
COC(=O)C1=CC=C(Cl)C(=C1)N(=O)=O,1.524
OC(=O)C1=CC=CC=C1NC(=O)C1=CC=C(C=C1)N(=O)=O,1.57
CCC(N(=O)=O)(N(=O)=O)C(C)(C)N(=O)=O,1.522
[H][C@@](O)(CO)[C@@]([H])(O)[C@]([H])(O)[C@@]([H])(O)[C@]([H])(O)CN(=O)=O,1.522
COC1=C(C(N2C=CN=N2)=C(C=C1)N(=O)=O)N(=O)=O,1.521
O=N(=O)C1=CC=C(C=C1)N1C=NN=C1,1.522
O[C@@](CC=C)(C(Cl)Cl)C1=CC=C(C=C1)N(=O)=O,1.569
[H][C@]12CCC(=O)[C@@]11N(CCO2)C2=CC=C(C=C2C1=O)N(=O)=O,1.57
COC1=CC(C)=C(F)C=C1N(=O)=O,1.521
ClC1=CC=C(C=C1)N(=O)=O,1.521
O=N(=O)OCCC(CON(=O)=O)ON(=O)=O,1.52
O=N(=O)N1CN(CN=N#N)CN(CN(C1)N(=O)=O)N(=O)=O,1.52
O=C(NC1=CC(=CC=C1)N(=O)=O)NC1=CC(=CC=C1)N(=O)=O,1.52
ClC1=CC(N2CCCCCC2)=C(C2=NON=C12)N(=O)=O,1.52
ClC(C(=O)NC1=CC=CC=C1)N(=O)=O,1.52
CC1=C[C@](C)(N(=O)=O)[C@@](C)(N(=O)=O)[C@](C)(C1=O)N(=O)=O,1.52
CC1=C[C@](C)(C(=O)[C@@](C)(N(=O)=O)[C@]1(C)N(=O)=O)N(=O)=O,1.52
CC1=C(N(=O)=O)[C@@](C)(N(=O)=O)[C@](C)(C(=O)[C@]1(C)O)N(=O)=O,1.52
C[C@]1([C@H](C(=C[C@](O)(C2=CC=CC=C2)C1=O)N(=O)=O)N(=O)=O)N(=O)=O,1.52
OC1=CC(C2=CC=CC=C2)=C(F)C(=C1)C1=CC=C(C=C1)N(=O)=O,1.52
COC(=O)C1=C(Cl)C=CC(=C1)N(=O)=O,1.521
CN(=O)=CC1=CC=C(C=C1)N(=O)=O,1.561
CC1=NC=C(N1CCCl)N(=O)=O,1.517
FC(F)CNC1=CC=C(C=C1)N(=O)=O,1.518
O=N(=O)C1=CC2=N(=O)C3(CCCCC3)N(=O)=C2C=C1,1.565
ClC1=CC=C(C(=C1)N(=O)=O)N(=O)=O,1.512
NNC(=O)C1=CC=CC(=C1)N(=O)=O,1.517
COC(=O)C(F)C1=C(C=CC=C1)N(=O)=O,1.558
CC1=N[C@@H]([C@H](O1)C1=CC=C(C=C1)N(=O)=O)C(F)(F)F,1.515
OC(NC1=NC=CC=N1)C1=C(Cl)C=CC(=C1)N(=O)=O,1.514
O=C(C=N#N)C1=CC=CC(=C1)N(=O)=O,1.513
CC1=CC(=CC(C)=C1O)C1=NC=C(C=C1Cl)N(=O)=O,1.556
CCNC(=O)C(=NNC1=CC=C(Cl)C=C1N(=O)=O)C(C)=O,1.514
O=N(=O)C1=CN=C(C#CC2=CC=CC=C2)C(=C1)N(=O)=O,1.555
CC(=O)C1=C(O)C=CC(=C1)N(=O)=O,1.56
[H][C@@]1(COC(=O)N1)[C@H](O)C1=CC=C(C=C1)N(=O)=O,1.561
CC(Cl)C(Cl)(Cl)C(O)CN(=O)=O,1.512
FC(=O)C(F)(F)N(=O)=O,1.514
CC1=C(C=C(C=C1)N(=O)=O)N1C=NN=N1,1.517
CCOC(=O)C1=CC(=CC(=C1)N(=O)=O)N(=O)=O,1.511
ON1C=C(C(=O)C2=C(Cl)C=CC=C2)C2=CC(=CC=C12)N(=O)=O,1.51
CC1=C2OC3=CC=C(C=C3N=C2C2=CC=CC=C2C1=O)N(=O)=O,1.511
COC1=C(CC2=C(OC)C=CC(=C2)N(=O)=O)C=C(C=C1)N(=O)=O,1.558
O=N(=O)C1=CC=C2C(OC3=CC=CC=C23)=C1,1.51
O\N=C\C1=CC=C(C=C1)N(=O)=O,1.51
CC1=CC=C(C(C)=C1N(=O)=O)N(=O)=O,1.51
CC1=CC=C(C(=C1)N(=O)=O)N(=O)=O,1.51
CC1=CC(N2C=NC=N2)=C(C=C1N(=O)=O)N(=O)=O,1.51
[H][C@@](O)(CO)[C@@]([H])(O)[C@]([H])(O)CN(=O)=O,1.51
O=N(=O)C1=CC=CC=C1C1=NC2=NC=CC=C2N=C1,1.545
ClC1=C(C=C(C=C1)C(=O)OCC1=CC=CC=C1)N(=O)=O,1.552
CC1=CN2C=C(C=CC2=N1)N(=O)=O,1.552
O=C(OC[C@@H]1OC(=O)C[C@H]1C#N)C1=CC=C(C=C1)N(=O)=O,1.509
ClCCNC1=CC=CC=C1N(=O)=O,1.509
CCOC1=NC(=NN1C)N(=O)=O,1.556
O=N(=O)C1=CC(=C(C=C1)N1CCC=N1)N(=O)=O,1.507
CCOC(=O)N\N=C(/F)C1=CC=C(C=C1)N(=O)=O,1.537
O=N(=O)C1=CC(=C(CC2=NC=CC=C2)C=C1)N(=O)=O,1.561
O=N(=O)C1=CN(CC2=CC=C(CN3C=C(C=N3)N(=O)=O)C=C2)N=C1,1.507
[H][C@@]12CCCC[C@@]1([H])[C@@H]([C@H]([C@H]2O)N(=O)=O)C1=CC=C(Br)C=C1,1.507
ClC(=O)CN(=O)=O,1.508
C\C(C)=N/OC1=CC=C(C=C1N(=O)=O)N(=O)=O,1.554
OC[C@H]1O[C@H](C[C@@H]1O)N1C=CC(=C1)N(=O)=O,1.506
OC(NC1=NC=CC=N1)C1=C(C=CC(F)=C1)N(=O)=O,1.506
O=C1C2=CC(=C3NCCCN3C2OC2=CC=CC=C12)N(=O)=O,1.506
O=C1CCC2=C(C=C3C=CC=CC3=C12)N(=O)=O,1.54
O=N(=O)C1=CC=C(C=NN=C2NN=CC3=CC=CC=C23)C=C1,1.553
O=N(=O)C1=CC=CC2=C1C(=CC=C2)C#N,1.505
CC1=CN([C@H]2C[C@@H]([C@@H](CO)O2)N(=O)=O)C(=O)NC1=O,1.505
[H][C@@](O)(CO)[C@]([H])(O)[C@]([H])(O)[C@@]([H])(O)[C@@]([H])(O)CN(=O)=O,1.505
ClC1=CC=C(C2=CC=CC=C12)N(=O)=O,1.505
FC1=CC=C(C=C1)\N=N\C(=C(\Cl)Cl)C1=CC=CC=C1N(=O)=O,1.505
CC1=CC=C(NC2=C(C=C(C3=C2N=CC=C3)N(=O)=O)N(=O)=O)C=C1,1.552
O=N(=O)C1=CC=C2OCCOCCOC2=C1,1.504
CC1=CC=C(C=C1)[C@@H](CN(=O)=O)C1=CC=C(Br)C=C1,1.504
[H][C@@]12CC(C)=C(C)C[C@@]1([C@@H](O)NC1=NON(=O)=C21)N(=O)=O,1.504
ClC1=CC=C(NC2=NC=C(C=C2)N(=O)=O)C=C1,1.503
COC1=CC(=C(N\N=C2C(=O)N(C)C(=O)C(C#N)=C/2C)C=C1)N(=O)=O,1.532
O=N(=O)C1=CC=CC(C=NN=C2NN=CC3=CC=CC=C23)=C1,1.55
O=C(NCCCON(=O)=O)C(=O)NCCCON(=O)=O,1.502
COC1=CC=C(C=C1)N1C(=O)C2=CC=CC(=C2C1=O)N(=O)=O,1.502
CCC1(CCC(=O)NC1=O)C1=CC=C(C=C1N(=O)=O)N(=O)=O,1.502
ClN(CCON(=O)=O)N(=O)=O,1.502
NC(=O)C1=CC(=C(Cl)C=C1)N(=O)=O,1.503
COC(=O)C1=CC=C(NC2=NNC(C)=C2)C(=C1)N(=O)=O,1.543
ON(=O)=O,1.5
OC[C@H]1O[C@H](CN(=O)=O)[C@H](O)[C@@H]1O,1.5
O=N(=O)\N=C1/NCCN1,1.5
CN(C)C1=C(C=C(C=C1N(=O)=O)N1C(=O)C=CC1=O)N(=O)=O,1.5
ClC1=CC=C(C=C1)\C=C\N(=O)=O,1.5
CC1=CC=C(NNC(=O)C(F)(F)N(=O)=O)C=C1,1.5
CC1=C(N(=O)=O)[C@@](C)(N(=O)=O)[C@@](C)(O)C(=O)[C@]1(C)N(=O)=O,1.5
CC1=C(C#N)C(=O)[C@@](C)(O)[C@@](C)(N(=O)=O)[C@]1(C)N(=O)=O,1.5
COC1=CC=CC2=C3C4=C(OCO4)C=C(C(O)=O)C3=C(C=C12)N(=O)=O,1.499
O=N(=O)C1=CN(C=N1)C1=CC=CC=C1,1.499
O=C(\C=C1/NC2=C(OC1=O)C=CC(=C2)N(=O)=O)C1=CC=CC=C1,1.498
NC1=CC(CO)=CC=C1N(=O)=O,1.498
CC1=C2OC3=CC(=CC=C3N=C2C2=CC=CC=C2C1=O)N(=O)=O,1.498
[H][C@@]12OC[C@@H](C=C)[C@@]1(OC1=C2C=C(F)C=C1)N(=O)=O,1.501
C[C@H](OC(=O)C1=CC=C(C=C1)N(=O)=O)C1=CC=CC(=O)O1,1.539
ClC1=CC(=CC=C1)C1=NN(C(=O)C=C1)C1=C(C=CC=C1)N(=O)=O,1.545
COC1=CC=C(O)C(=C1)N(=O)=O,1.497
CC1=C(C=C(N)C=C1N(=O)=O)N(=O)=O,1.497
ClC1=CC=C(C=C1)C(=C(/N(=O)=O)N(=O)=O)\C1=CC=C(Cl)C=C1,1.497
[H][C@]1(CCCCC1=O)[C@@H](CN(=O)=O)C1=CC=C(Br)C=C1,1.497
NNC(=O)C1=C(C=CC=C1)N(=O)=O,1.539
CNC1=C(C=C2C(OC3=C(C=CC=C3)C2=O)N1C)N(=O)=O,1.496
COC1=C(C=C(CN2C=CN=N2)C=C1N(=O)=O)N(=O)=O,1.496
[H][C@@]12CC[C@@](C)(O)[C@@H](N(=O)=O)[C@]1([H])C1=CC(Cl)=CC=C1OC2=O,1.531
O=C1N(CC2=C(C=CC=C12)N(=O)=O)C1=CC=CC=C1,1.542
CC(C)OC(=O)C1=CC(=CC(=C1)N(=O)=O)N(=O)=O,1.537
OC(=O)C1=CC=CC(=C1)N(=O)=O,1.494
FCCNC(=O)C1=CC=C(C=C1)N(=O)=O,1.529
O=N(=O)C1=CC=C(C=C1)[N+]#[C-],1.543
CN(C1=CC=C(Cl)C=C1)N(=O)=O,1.493
ClCC(CCl)ON(=O)=O,1.494
O=N(=O)C1=CC=CC=C1N\N=C(/C#N)C#N,1.492
CC(CON(=O)=O)(N(=O)=O)N(=O)=O,1.491
O=N(=O)C1=CNCCN=C1,1.492
O=N(=O)C1=CC=C(C=C1)C1=CC(=NO1)C1=CC=CC=C1,1.515
ClC(Cl)(Cl)C1C2CC(C=C2)C1N(=O)=O,1.492
CN1N=NC(=N1)C1=CC=C(C=C1)N(=O)=O,1.52
NC(=O)NN=CC1=CC=C(O1)C1=CC=CC=C1N(=O)=O,1.526
COC(=O)C(\C#N)=C(/O)C1=CC=C(C=C1)N(=O)=O,1.49
CCOC(=O)C(\Cl)=C\C1=CC=C(C=C1)N(=O)=O,1.49
CC1=C(N(=O)=O)[C@@](C)(N(=O)=O)[C@@](C)(O)C(=O)[C@@]1(C)N(=O)=O,1.49
CC1=C(C=C(C=C1)N(=O)=O)C(O)=O,1.49
CC1=C(C)[C@@](C)(N(=O)=O)[C@@](C)(N(=O)=O)[C@](C)(C1=O)N(=O)=O,1.49
[H][C@](CO)(NC(=O)C(Cl)Cl)[C@]([H])(O)C1=CC=C(C=C1)N(=O)=O,1.49
ClC1=CC=C(C=C1)C1=C(N=NN1C1=CC=CC=C1)N(=O)=O,1.49
CC1=CC=C(C=C1N(=O)=O)C(O)=O,1.49
O=N(=O)OCCON(=O)=O,1.49
O=N(=O)C1=CC=C(O\N=C2/CCCCC2)C(=C1)N(=O)=O,1.537
O=C(OC(=O)C1=CC=CC(=C1)N(=O)=O)C1=CC=CC(=C1)N(=O)=O,1.489
O=C(NC1=C(C=CC=C1)N(=O)=O)C1=CC2=CC=CC=C2C=C1,1.473
FC1=CC=C(C=C1)C1=C(C=C(F)C=C1)N(=O)=O,1.489
CC1=CN(N=C1C1=C(O)C=CC=C1)C1=CC=C(C=C1N(=O)=O)N(=O)=O,1.489
O=C1[C@@H]([N@@]2CN1C1=C(C=CC=C1)C(=O)CC2)C1=CC=C(C=C1)N(=O)=O,1.536
CC1=C[C@@](C)(N(=O)=O)[C@@](C)(N(=O)=O)[C@@](C)(C1=O)N(=O)=O,1.488
O=N(=O)C1=C(C=CC=C1)[C@H]1O[C@H]1C1=C(C=CC=C1)N(=O)=O,1.488
O=N(=O)C1=CC=C(C=C1)C1=NOC(=C1)C1=CC=CC=C1,1.511
O=N(=O)O[C@]12[C@H]3CC[C@H](C3)[C@]1([C@H]1CC[C@@H]2C1)N(=O)=O,1.487
COC(=O)NC1=CC=C(OC)C=C1N(=O)=O,1.487
O=N(=O)N(=O)=O,1.492
CN1C=NC(=C1N1C=C(N=N1)C1CC1)N(=O)=O,1.529
OC(NC1=NC=CC=N1)C1=C(C=CC=C1)N(=O)=O,1.486
COC(=O)\C=C(\C(=O)OC)C(=O)C1=CC(=CC=C1)N(=O)=O,1.486
FC(F)(F)C(=O)C(=N\NC1=CC=C(C=C1)N(=O)=O)\C1=CC=CC=C1,1.533
O=C1C2=CC=CC=C2C\C1=C/C1=C(C=CC=C1)N(=O)=O,1.485
CC1(CC(C2=C(Cl)C=CC=C2Cl)N(=O)=O)C(=O)CCC1=O,1.508
CN1C=CC=C1C(=O)[C@@]1(Cl)O[C@@H]1C1=CC=C(C=C1)N(=O)=O,1.52
O=C(N\N=C\C1=CC=C(C=C1)N(=O)=O)C1=CC=NC=C1,1.527
O=C(N\N=C\C1=CC(=CC=C1)N(=O)=O)C1=CC=NC=C1,1.527
COC(=O)C1=CC(=C(NNC(=O)C2=CC=CC=C2F)C=C1)N(=O)=O,1.527
OC(=O)C1=CC(=CC=C1C1=C(C=CC=C1)N(=O)=O)N(=O)=O,1.484
CC1=CC(=CC(C)=C1C)C(N(=O)=O)(N(=O)=O)N(=O)=O,1.484
CC1(C)OC(=O)\C(=C/C2=CC=C(C=C2)N(=O)=O)C(=O)O1,1.484
O=N(=O)C1=CC2=C(C=C1)N=C(C=N2)C1=CC=CC=C1,1.507
CN1C=NC(C2=CON=C2C2=CC=CC=C2)=C1N(=O)=O,1.483
COC1=CC=CC=C1C1C2=C(OC(N)=C1N(=O)=O)C=C(C)OC2=O,1.481
O=CC1=CC(=CC=C1)N(=O)=O,1.487
CC1=C2C(CCC2=C(C=O)C(O)=C1O)C1=CC=C(C=C1)N(=O)=O,1.529
O=N(=O)C1=CC(=CC=C1)C1=CC=CC(=C1)N(=O)=O,1.481
OC(=O)C1=C(C=CC=C1)N=CC1=CC=C(O1)C1=CC=CC=C1N(=O)=O,1.516
FCC1CN=C(O1)C1=CC=C(C=C1)N(=O)=O,1.528
O=N(=O)C1=CC=CC=C(C1)N(=O)=O,1.48
O=N(=O)C1=CC(=C(C=C1)N1CCOCC1)N(=O)=O,1.48
COC(=O)\C=C\C1=CC=C(O)C(=C1)N(=O)=O,1.48
CNC1=CC=C(C=C1C(=O)C1=CC=CC=C1F)N(=O)=O,1.48
CN(N=O)C(=O)C1=CC=C(C=C1)N(=O)=O,1.48
CN(CN(C)N(=O)=O)N(=O)=O,1.48
CCOC(=O)C(\N=N\C1=C(O)C=C(C(Cl)=C1)N(=O)=O)=C(/C)N,1.48
CC1=C(C)[C@@](C)(N(=O)=O)[C@@](C)(C(=O)[C@@]1(C)N(=O)=O)N(=O)=O,1.48
CC1=C(C(C)=C(C(C)=C1N(=O)=O)N(=O)=O)N(=O)=O,1.48
CC1(C)CC(=O)\C(=N/NC2=CC=C(C=C2)N(=O)=O)C(=O)C1,1.48
[H]\C(C1=CC=CC=C1)=C(\Cl)N(=O)=O,1.48
COC(=O)C(Cl)(CO)N(=O)=O,1.48
CONC(=O)NC1=CC=C(C=C1)N(=O)=O,1.479
O=N(=O)C1=CC(=C(N2CCCC2)C2=CC=CC=C12)N(=O)=O,1.479
O=N(=O)CC1(CN(=O)=O)C2C3C4C5CC(C24)C1C35,1.514
O=C(NC1=C2N=CC=CC2=CC=C1)C1=CC=C(C=C1)N(=O)=O,1.478
CC1=CC=C(C(O)=O)C(=C1)N(=O)=O,1.478
COC(=O)C12C3C4C1C1C2C3C41COC(=O)C1=CC(=CC=C1)N(=O)=O,1.517
ClC1=CC=C2C3=C(CC3(C3=CC=CC=C3)N(=O)=O)C(=O)C(=O)C2=C1,1.411
COC1=C(C=CC(=C1)N(=O)=O)N(=O)=O,1.478
CN(C)C1=C(C=C(C=C1)N(=O)=O)N(=O)=O,1.478
CCN(CC)C1=C(C=C(C=C1N(=O)=O)N(=O)=O)N(=O)=O,1.478
CC(=O)OCC(N(=O)=O)(N(=O)=O)N(=O)=O,1.477
O=N(=O)C1=CC=C(N2CCCCC2)C2=NON=C12,1.476
O=C(NC1=C(C(=O)C2=C(C=CC=C2)C1=O)N(=O)=O)C1=CC=CC=C1,1.475
ClC1=CC(=C(C=C1)C1=NC2=C(N1)C=CC=C2)N(=O)=O,1.475
FC1=CC=C(C=C1)C(=C(/N(=O)=O)N(=O)=O)\C1=CC=C(F)C=C1,1.475
O=C(CN1C=CN=C1N(=O)=O)NCC12C3C4C5C3C1C5C24,1.5
OC(=O)C1=CC=CC=C1C(=O)NC1=CC=C(C=C1)N(=O)=O,1.517
O=N(=O)C1=CC=C(C=C1)C1=C(C=CC=C1)N(=O)=O,1.474
NC1=C(C=C(C=C1)N(=O)=O)C(=O)C1=CC=CC=C1,1.474
CNC1=C(C)N(N=C1C(=O)OC)C1=CC=C(C=C1)N(=O)=O,1.509
ClC1=CC=C(C=C1)C1=NC2=CC=CC=C2C=C1N(=O)=O,1.473
O=N(=O)C1=CC=C(NN=C2C3CC4C5CC3C(C5)C24)C(=C1)N(=O)=O,1.473
CC1=CC(C)=C(CC(N(=O)=O)(N(=O)=O)N(=O)=O)C(C)=C1,1.473
FC1=CC=C(C=C1N(=O)=O)N(=O)=O,1.458
CN1C=CC(=N1)N(=O)=O,1.472
O=C1OC2=CC=CC=C2C(CC2=CC=C3C=CC=CC3=N2)=C1N(=O)=O,1.507
CC1=C(N=NN1C1=CC=C(C=C1)N(=O)=O)C(O)=O,1.471
ClC1=CC=C(NCC#C)C(=C1)N(=O)=O,1.471
OC(COCC(F)(F)N(=O)=O)COCC(F)(F)N(=O)=O,1.471
OC(CON(=O)=O)CON(=O)=O,1.472
CN(C)C1=CC=C(C=C1\C=C1/C(=O)N(C)C(=O)N(C)C1=O)N(=O)=O,1.513
CC1=NC=C(N1CCC#N)N(=O)=O,1.518
OC(=O)[C@@H]1C[C@@H]1C1=CC(=CC=C1)N(=O)=O,1.47
ClC1(OC1C1=CC=CC(=C1)N(=O)=O)C(=O)C1=CC=CC=C1,1.47
FC(CCC#N)(N(=O)=O)N(=O)=O,1.47
COC(=O)C1=CC2=C(C=CC=C2N=C1)N(=O)=O,1.47
C[C@]1(OC(=O)C=C1)[C@@H](CN(=O)=O)C1=CC=C(Cl)C=C1,1.493
O=C1CCC2=C1C=C1CCCC1=C2N(=O)=O,1.495
CC1=NC(=NO1)C1=CC=C(C=C1)N(=O)=O,1.469
FC1=CC(=C(F)C=C1)N(=O)=O,1.469
O=N(=O)C1=CC=CC2=C1C1=CC=CC=C1N=N2,1.467
COC(=O)C12C3C4C1C1C2C3C41COC(=O)C1=C(C=CC=C1)N(=O)=O,1.506
FC(F)N(=O)=O,1.466
O=C(N\N=C\C1=C(C=CC=C1)N(=O)=O)C1=CC=NC=C1,1.508
COC1=C(NC2=C(C=C(C=C2)N(=O)=O)N(=O)=O)C=CC=C1,1.467
CC1(C)OC2=CC=C(C=C2O1)N(=O)=O,1.512
[H][C@@](CC1=CC=CC=C1)(NC(=O)C1=CC=C(C=C1)N(=O)=O)C(O)=O,1.512
O=C1NC(NC2=CC=CC=C12)C1=CC=CC(=C1)N(=O)=O,1.463
O=N(=O)C1=CC=C(O1)C1=C(NC2=CC=CC=C2)C=NC=N1,1.464
CC1=NC=C(N1CCOC1=C(C#N)C(=CC=C1)C#N)N(=O)=O,1.464
CC(C)NC1=C(C=C(C=C1)N(=O)=O)N(=O)=O,1.467
O=N(=O)C1=CC=C(\C=N\NC2=NC=CC=C2)C=C1,1.503
C\C(C1=CC=C(C=C1)N(=O)=O)=N/N=C(\C)C1=CC=C(C=C1)N(=O)=O,1.503
OC1(C(=O)C2=C(C=CC=C2)C1=O)C(=C\C1=COC=C1)\N(=O)=O,1.463
ClC1=CC=C(OC2=CC=C(C=C2)N(=O)=O)C=C1,1.475
FC1=CC=C(C=C1)\N=C\C1=CC(=CC=C1)N(=O)=O,1.492
CC1=CC=C(C=C1)C1=NN2C(=C1)C1=C(OCC2=C)C=CC(=C1)N(=O)=O,1.509
OC1=CC=C(OC2=CC=C(C=C2)N(=O)=O)C=C1,1.461
CC1=NN2C(C=CC3=CC=CC=C23)=C1N(=O)=O,1.462
CC(CON(=O)=O)(CON(=O)=O)CON(=O)=O,1.461
O=N(=O)C(=C(\C1=CC=CC=C1)C1=CC=C(C=C1)N(=O)=O)\N(=O)=O,1.461
C[C@H]1[C@@H](CN(=O)=O)[C@@H](CO)OC1=O,1.462
ClN(=O)=O,1.471
OC1=CC=CC=C1\C=N\C1=CC=C(C=C1)N(=O)=O,1.46
O=C(C1=CC=C(C=C1)N(=O)=O)C1=CC=C(C=C1)N(=O)=O,1.46
COC1=CC=C(C=C1)\C=C\C1=CC=C(C=C1N(=O)=O)N(=O)=O,1.46
CC1=C(C)[C@](C)(N(=O)=O)[C@@](C)(N(=O)=O)[C@](C)(C1=O)N(=O)=O,1.46
CC1=C(C)[C@](C)(N(=O)=O)[C@@](C)(C(=O)[C@@]1(C)N(=O)=O)N(=O)=O,1.46
CC1=C(C(=CC=C1)N(=O)=O)N(=O)=O,1.46
COC(=O)\C=C\N(=O)=O,1.46
CCOC(=O)C(F)(C(=O)OCC)C1=CC=CC=C1N(=O)=O,1.502
ClC1=CC=C(C=C1)[C@@H]1NC2=CC=CC=C2NC[C@H]1N(=O)=O,1.507
CCOC(=O)C(C(=O)OCC)C1=CC=NC(N)=C1N(=O)=O,1.507
COC1=CC=C(OC2=CC=C(C=C2)N(=O)=O)C=C1,1.501
O=N(=O)C1=CC=CC(=C1)C1=CN=C(N=C1)N1CCOCC1,1.458
O=C(OC1CC=CC=CC1)C1=CC(=CC(=C1)N(=O)=O)N(=O)=O,1.458
CC1=CC(=C(C)C(C)=C1C)C(N(=O)=O)(N(=O)=O)N(=O)=O,1.457
CC(Cl)(CN(=O)=O)N(=O)=O,1.458
CCOC(=O)C1=NOC(CON(=O)=O)=C1,1.456
O=N(=O)C1=CC(=C(NCC2=CC=CC=C2)C=C1)N(=O)=O,1.46
CN1C(C)=NC=C1N(=O)=O,1.456
ClC1=C(Cl)C=C(C=C1)N(=O)=O,1.444
CC1=NC=C(N1C[C@@H](O)CCl)N(=O)=O,1.455
O=C(N1CCNCC1)C1=CC=C(C=C1)N(=O)=O,1.496
COC(=O)C1=C(C=CC(Cl)=C1)N(=O)=O,1.455
O=N(=O)C1=CC=CC(CC#N)=C1,1.495
O=N(=O)C1=CC(=C(C=C1)N=NC1(CCCCC1)N(=O)=O)N(=O)=O,1.453
CCCCCOC(=O)C1=CC=C(C=C1)N(=O)=O,1.453
CC1(CC(C2=C(C=CC=C2)N(=O)=O)N(=O)=O)C(=O)CCCC1=O,1.476
CC1=C(C(O)C2=CC=C(C=C2)N(=O)=O)C(=O)N2C1=CC1=CC=CC=C21,1.483
ClC1(COC(=O)C2=CC=C(C=C2)N(=O)=O)N=C1C1=CC=CC=C1,1.485
NC1=C(C#N)C(C2=CC=CC(=C2)N(=O)=O)C2=C(CCCC2=O)O1,1.458
O=C(C1=CC=NC=C1)C1=CC=C(C=C1)N(=O)=O,1.386
CCNC1=C(C=C(C=C1)N(=O)=O)N(=O)=O,1.455
CC(=NN=C(C)C1=CC=C(C=C1)N(=O)=O)C1=CC=C(C=C1)N(=O)=O,1.489
FC1=C(C=CC=C1)\N=C\C1=CC=C(C=C1)N(=O)=O,1.494
ClC1=CC=CC=C1\C=C\N(=O)=O,1.451
CN1C(=O)\C(=C\C2=CC=C(C=C2)N(=O)=O)C2=C1C=CC=C2,1.475
CCN(CC)C(=O)C(\C#N)=C\C1=CC(=C(O)C(O)=C1)N(=O)=O,1.48
O=N(=O)C1=CC=C(C=C1)\N=N\C1=CC=C2C=CC=CC=C12,1.483
[H][C@]12CN(C)C[C@]1(C1=NON=C1C(OC)=C2)N(=O)=O,1.493
O=N(=O)O[C@H]1[C@@H](C2=C(C=CC=C2)C2=C1C=CC=C2)N(=O)=O,1.45
O=N(=O)C1=CC=C(O1)C=N(=O)C1=CC=CC=C1,1.45
O=N(=O)C1(CC2CCC1C2)N(=O)=O,1.45
CCOC(=O)C(=C\C1=CC=C(C=C1)N(=O)=O)\N(=O)=O,1.45
CC1=NC(CCl)=C(O1)C1=CC=C(C=C1)N(=O)=O,1.45
CCCCNC1=C(C=NC2=NC(=NN12)C1=CC=CO1)N(=O)=O,1.45
ClC1=CC=CC(=C1)C(=O)\C=C\C1=CC=C(C=C1)N(=O)=O,1.45
O=N(=O)C1=CC=CC=C1C1=C(C=CC=C1)N(=O)=O,1.455
O=N(=O)C1=CC=CC=C1C1C(C#N)(C#N)C1(C#N)C#N,1.449
NC1=CC=C(C=C1)N(=O)=O,1.46
O=N(=O)C1=CC=C(C=C1)N1CCOCC1,1.496
O=N(=O)C1=CC(CC#N)=CC(CC#N)=C1,1.448
CC1=CC=C(C=C1)C1=NNC2=CC(=CC=C12)N(=O)=O,1.448
O=N(=O)C1=CC=C(C=C1)C1=NC2=CC=CC=C2N=C1,1.447
O=C(COC1=C(C=CC=C1)N(=O)=O)NC1=CC=CC=C1,1.49
CC(=O)N1CCC2=CC(=CC(=C12)N(=O)=O)C1=CC=C(Cl)C=C1,1.446
Cl\C(Cl)=C(\N=N\C1=CC=CC=C1)C1=CC=CC=C1N(=O)=O,1.447
CN(CCN(C)N(=O)=O)N(=O)=O,1.447
FC(CCCC#N)C(=O)C(=O)C1=CC=CC=C1N(=O)=O,1.47
CC1=C2OC(C)(C)CCC2=C(C(O)=C1N(=O)=O)N(=O)=O,1.476
FC(F)(F)OC1=CC=C(C=C1)N(=O)=O,1.446
CC(C)CNC1=C(C=C(C=C1N(=O)=O)N(=O)=O)N(=O)=O,1.447
CN1C(=O)CCC2=C1C(=CC(=C2)N(=O)=O)N1CCOCC1,1.481
CCOC(=O)C1=C(OC=C1)C1=CC=C(C=C1)N(=O)=O,1.445
O=N(=O)C1=CC=C(N2CCCCCC2)C2=NON=C12,1.445
O=N(=O)C1=CC=C(C=C1)C1=CC=C(C=C1)N(=O)=O,1.45
Cl[C@@H]1CCO[C@@H](C1)C1=CC=C(C=C1)N(=O)=O,1.488
ClC1=CC(Cl)=C(C=C1)N(=O)=O,1.431
O=N(=O)C1=CC=C(N\N=C(/C#N)C#N)C=C1,1.443
CN1C2=C(C=CC=C2)C2=C1N1N=C(C)C(=C1C=C2)N(=O)=O,1.443
CN(C)C(=O)C1=C(C=CC(Cl)=C1)N(=O)=O,1.444
O=N(=O)C1=C(CC#N)C=CC=C1,1.484
NC1=CC2=C(C=C1)C=C(C=C2)N(=O)=O,1.442
OC1=CC=C(OC(=O)C2=CC=C(C=C2)N(=O)=O)C=C1,1.477
CCOC(=O)C(C(=O)OCC)C1=C(C=NC(N)=C1)N(=O)=O,1.489
CC1=CC=CC(=C1C#N)N(=O)=O,1.441
CC(=O)[C@H](CCl)[C@@H](O)C1=CC=C(C=C1)N(=O)=O,1.441
O=C1NCCNC2=C(OC3=C1C=CC=C3)C=C(C=C2)N(=O)=O,1.488
O=N(=O)C1=C(C=CC=C1)C1=CC=CC=C1,1.44
O=C(NC1=CC=C(C=C1)N(=O)=O)C1=CC=CC=C1,1.44
ClC(=NNC1=CC=C(C=C1)N(=O)=O)C1=CC=CC=C1,1.44
CC1=NC(=C(C)N1)N(=O)=O,1.44
CC1=CC=C(C=C1)N1C(=O)C2=CC=C(C=C2C1=O)N(=O)=O,1.44
CC(=O)C1=C(C)OC(=C1)[C@@H]1OC[C@H](O)[C@@H]([C@H]1O)N(=O)=O,1.44
CC(=NNC1=CC=C(C=C1N(=O)=O)N(=O)=O)C1=CC=C(C=C1)C1CC1,1.44
ClC1=CC=C(Cl)C(=C1)N(=O)=O,1.427
CCOC(=O)C1=C(C)NC(=O)NC1C1=CC(=CC=C1)N(=O)=O,1.44
[H][C@]12C[C@@]1([H])\C(=N/NC1=CC=C(C=C1N(=O)=O)N(=O)=O)[C@@]1([H])CC[C@@]1([H])C2,1.463
CCOC(=O)C1=CN(N=N1)C1=C(N=CN1C)N(=O)=O,1.487
CC1=CC(F)=C(C=C1)N(=O)=O,1.438
OC1=C2C=CN=CC2=C(C(=C1)C1=CC=CC=C1)N(=O)=O,1.438
O=N(=O)C1=CN=C(NC2=C3N=CC=CC3=CC=C2)C=C1,1.439
O=N(=O)C1=C2N(CCC3=C2C=CC=C3)C2=C1C=CC=C2,1.486
CC1=CC=C(C=C1)C1=CC2=C(C=CC=C2N(=O)=O)C(=O)O1,1.437
CC(CCl)(N(=O)=O)N(=O)=O,1.438
O=N(=O)C1=CC=C(OC2=CC=C(C=C2)C#N)C=C1,1.436
CC1(C)C(O)OC(=O)C2=C1C=CC(=C2)N(=O)=O,1.437
C=CCOC(=O)\C=C\C1=CC(=CC(=C1)N(=O)=O)N(=O)=O,1.437
OC1=C(C(=O)C2=C(C=CC=C2)N(=O)=O)C(=O)CCC1,1.436
O=N(=O)C1=CC(CC2=CC=CC(=C2)N(=O)=O)=CC=C1,1.436
COC1=CC(=CC=C1)\C=C(/C#N)C1=CC=C(C=C1)N(=O)=O,1.483
[H][C@@]12CO[C@@](CC(O)=O)(CN(=O)=O)[C@]1([H])OC(C)(C)O2,1.483
CC1=NN(C(=O)C\1=N/NC1=C(O)C=CC(=C1)N(=O)=O)C1=CC=CC=C1,1.435
COC(=O)C1=C(C)NC(=O)C(C1C1=CC=C(C=C1)N(=O)=O)C(N)=O,1.435
COC(=O)C1=CC(=CNC1C1=CC(C)=C(O)C(C)=C1)N(=O)=O,1.477
ClC1=C(C=CC=C1)[C@@H](CN(=O)=O)[C@]1(CCCCC1=O)N(=O)=O,1.434
OCC(CO)(CO)N(=O)=O,1.434
O=N(=O)C1=CC=C(C=C1)\C=N\CC\N=C\C1=CC=C(C=C1)N(=O)=O,1.435
[H][C@@]12CC[C@@H](C)N1C=N[C@]2(C(=O)OC)C1=CC=C(C=C1)N(=O)=O,1.439
CC(=O)O[C@H]1[C@H](OC=CC1=O)C1=CC=C(C=C1)N(=O)=O,1.433
CC(=O)C1=CC=CC(=C1)N(=O)=O,1.433
CC(=O)C1=CC(=CC=C1)N1N=C2C=CC=CC2=C1N(=O)=O,1.434
CN1C(=CN=C1C1=CC=C(N)C=C1)N(=O)=O,1.432
CCOC(=O)[C@H]1NC=C([C@@H]1C1=CC=CC=C1)C1=C(C(C)=NO1)N(=O)=O,1.433
CO\N=C1/O[C@@H]([C@@H](Cl)C2=C1C=C(C=C2)N(=O)=O)C1=CC=CC=C1,1.48
[H][C@@]12[C@H](N(=O)=O)[C@]1([H])C(=O)N(CC1=CC=CC=C1)C2=O,1.432
FC(F)(F)C1=CC(=CC=C1)N(=O)=O,1.434
COC1=C(C=CC=C1)C1=CC(O)=C2C=CC=NC2=C1N(=O)=O,1.431
O=N(=O)C1=C(ON=C1C1=CC=CC=C1)C1=CC=CC=C1,1.432
CC1(CC(C2=CC=C(C=C2)N(=O)=O)N(=O)=O)C(=O)CCCC1=O,1.455
CC(=O)C(=C)OC(=O)C1=CC=C(C=C1)N(=O)=O,1.431
CC(F)(N(=O)=O)N(=O)=O,1.431
CCOC(=O)C#CC1=CC=CC=C1N(=O)=O,1.43
CC1=C(C)[C@@](C)(N(=O)=O)[C@@](C)(C(=O)[C@]1(C)N(=O)=O)N(=O)=O,1.43
CC1(C)C(=O)[C@@](C)(C(C#N)=C(C#N)[C@@]1(C)N(=O)=O)N(=O)=O,1.43
CC\C=N\NC1=C(C=C(C=C1)N(=O)=O)N(=O)=O,1.43
CC(=O)OCC(=O)C1=CC=C(C=C1)N(=O)=O,1.43
C\C=C\C=NNC1=C(C=C(C=C1)N(=O)=O)N(=O)=O,1.43
[H][C@@]12CO\C(=C/C3=CC=CC=C3N(=O)=O)[C@]1(O)[C@@]1([H])OC(C)(C)O[C@@]1([H])O2,1.43
CC(=O)C(\CCl)=C\C1=CC=C(C=C1)N(=O)=O,1.43
O=N(=O)O[C@@H]1[C@@H](ON(=O)=O)C(=C1C1=CC=CC=C1)C1=CC=CC=C1,1.43
CCOC(=O)C1=C(O)C=CC(=C1)N(=O)=O,1.43
O=N(=O)C1=C(C=CC=C1)C#C,1.459
FC1=C(NCCC2=CC=CC=C2C=O)C=CC(=C1)N(=O)=O,1.462
COC1=C(OC)C=C(C(CC(O)C(C)=O)=C1)N(=O)=O,1.477
O=N(=O)\C=C\C1=CNC2=CC=CC=C12,1.428
CN1C2=C(C=CC=C2)C(=O)\C1=C/C=C/C1=CC=C(C=C1)N(=O)=O,1.471
CCC1(CC(C2=C(Cl)C=CC=C2)N(=O)=O)C(=O)CCCC1=O,1.451
O=N(=O)C1=CC=C(CC#N)C=C1,1.469
O=N(=O)C1=CC=C(C=C1)C1=CN=NN1CC1=CC=CC=C1,1.469
CC1=C[C@@](C)(O)C(=O)[C@](C)(N(=O)=O)[C@]1(C)N(=O)=O,1.427
N\C(C1=CC=CC=C1)=C/N(=O)=O,1.426
[H][C@]12[C@@H]([C@@H](C3=CC=CC=C3)[C@](C)(C=C1C)C(=O)[C@]2(O)CCl)N(=O)=O,1.462
CCOC(=O)[C@@]1(CCCC1=O)[C@@H](CN(=O)=O)C1=CC=C(Cl)C=C1,1.466
OC[C@H](O)CNC1=C(C=CC=C1)N(=O)=O,1.448
CC1(C(CN(=O)=O)C2=C(Cl)C=CC=C2)C(=O)CCCC1=O,1.449
COC1N(CCC2=C1C=CC=C2)C1=C(F)C=C(C=C1)N(=O)=O,1.458
O=N(=O)C1=CC=C(OC2=CC=CC=C2)C=C1,1.468
O=N(=O)C1=CC(N2OC3CCC2C=C3)=C(N=C1)N1OC2CCC1C=C2,1.425
O=N(=O)C1=CC=C2C3=CC=CC=C3C2=C1,1.424
CN(C)C1=CC(=C(C=C1)N(=O)=O)N(=O)=O,1.423
CC1=C(N)C=C(C=C1)N(=O)=O,1.423
CC(C)(N(=O)=O)C(C)(CO)N(=O)=O,1.422
CNC(=O)C1=NOC(C)(C1)C1=CC=CC(=C1)N(=O)=O,1.47
N=C1OC2(CCCC2)NC2=C1C=C(C=C2)N(=O)=O,1.422
CC1=NC(CC2=CC=C(C=C2N(=O)=O)N(=O)=O)=CC=C1,1.422
CC(O)(C#N)C(F)(F)N(=O)=O,1.423
ClC1=C(Cl)C(=CC=C1)N(=O)=O,1.403
O=C(C1=CC=C(C=C1)N(=O)=O)C1=C(OC2=NC=CC=C2)C=CC=C1,1.422
CC1=CC=C(C)C(=C1N(=O)=O)N(=O)=O,1.422
O=C(NN=CC1=CC=CC=C1N(=O)=O)C1=CC=NC=C1,1.421
CN1C2=CC=CC=C2N=C1C1=C(C=CC=C1)N(=O)=O,1.421
CC1(C)C[C@]2(N=N(=O)C(C)(C)[C@]2(C1)N(=O)=O)N(=O)=O,1.421
O=C(N1CCC2=CC(=CC=C12)N(=O)=O)C1=CC=CC=C1,1.42
[H][C@]12CC3=CC=CC=C3[C@@]1([H])ON=C2C1=CC=C(C=C1)N(=O)=O,1.421
O=N(=O)C1=CC(=C(C=C1)N1CCCC1)N(=O)=O,1.42
O=N(=O)\C=C(C1=CC=CC=C1)\C(=C\N(=O)=O)C1=CC=CC=C1,1.42
O=C(C(=O)C1=CC=C(C=C1)N(=O)=O)C1=CC=C(C=C1)N(=O)=O,1.42
NCCOC1=CC=CC=C1N(=O)=O,1.42
CC1=NN(C(=O)C\1=N/NC1=CC=C(C=C1)N(=O)=O)C1=CC=CC=C1,1.42
COC1=CC=C(C=C1)C1=NOC(C)=C1N(=O)=O,1.42
O=N(=O)C1=CC=C(C=C1)C1=NC(=CC=N1)C1=CC=CC=C1,1.42
CC(=O)NC1=CC=CC=C1N(=O)=O,1.421
CCN(CN(C)N(=O)=O)N(=O)=O,1.447
CC1=CC=C(N)C=C1N(=O)=O,1.455
[H][C@]1(CCC(=O)N[C@@]1([H])C1=CC=CC=C1)N(=O)=O,1.467
COC1=CC(=CC(OC)=C1OC)N(=O)=O,1.419
OCC(O)CON(=O)=O,1.42
[H][C@]12CCC[C@@]1([H])C(=NO2)C1=CC=C(C=C1)N(=O)=O,1.419
CC1=C(CC2=C(C=C(C=C2)N(=O)=O)N(=O)=O)N=CC=C1,1.419
CC(=O)C(=NNC1=C(O)C=C(C=C1)N(=O)=O)C(=O)C1=CC=CC=C1,1.43
O=C1CCC2=C1C(=C1CCCC1=C2)N(=O)=O,1.443
O=C(OCC1=CC=CC=C1)C1=CC=C(C=C1)N(=O)=O,1.46
OC1=C(C=C(C=C1)N(=O)=O)C(=O)OC1=CC=CC=C1,1.417
O=C1N2C(=NC3=C1C=CC=C3)C1=C(C=CC(=C1)N(=O)=O)\C2=C/C1CC1,1.417
[H][C@@]12CO\C(=C/C3=CC=C(C=C3)N(=O)=O)[C@]1(O)[C@@]1([H])OC(C)(C)O[C@@]1([H])O2,1.417
O=C1CCN2C(ON=C(N12)C1=CC=C(C=C1)N(=O)=O)C1=CC=CC=C1,1.417
CCCN(CN(C)N(=O)=O)N(=O)=O,1.444
C\C=C(\C1=CC=CC=C1)C1=C(C=C(C=C1)C(F)(F)F)N(=O)=O,1.444
[H][C@]12C[C@]([H])(C=C1)C(=C2C#N)C1=CC=CC(=C1)N(=O)=O,1.452
O=N(=O)C1=CC=C(C=C1)C1=NN(N=N1)C12CC3CC(CC(C3)C1)C2,1.464
CN1CC2(CC=CC(C1)(C2)N(=O)=O)N(=O)=O,1.416
CN1C(CC(O)C2=CC=CC=C2)=NC=C1N(=O)=O,1.416
OCCN=CC1=C(O)C=CC(=C1)N(=O)=O,1.415
O=N(=O)C1=C(NN=C1C1=CC=CC=C1)C1=CC=CC=C1,1.415
CCOC(=O)C1=CC(=C(C=C1)C(=O)OC)C1=C(C=CC=C1)N(=O)=O,1.415
CC(=O)C1=C(OC(=O)C2=CC=CC3=CC=CC=C23)C=C(C=C1)N(=O)=O,1.415
NC1=NC2=CC=CC=C2C(C(=O)NCC2=CC=CC=C2)=C1N(=O)=O,1.414
CN1C=C(C(=O)C(=O)C2=CC=C(C=C2)N(=O)=O)C2=CC=CC=C12,1.415
O=N(=O)C1=CC(=C(N2CCCCC2)C2=CC=CC=C12)N(=O)=O,1.414
CC1=CC(CC2=CC=C(C=C2N(=O)=O)N(=O)=O)=NC=C1,1.414
COC(=O)C1([C@@H]([C@H]1N(=O)=O)C1=CC=CC2=C1C=CC=C2)C(=O)OC,1.348
CC1(CC(C2=C(Cl)C=CC=C2)N(=O)=O)C(=O)CCCC1=O,1.437
CC1=C(C#N)C(C2=CC=C(O2)N(=O)=O)C(C#N)=C(C)N1,1.456
CN1C=CC=C1C1=CC(=CC=C1)N(=O)=O,1.461
C\C(C1=CC=C(C=C1)N(=O)=O)=N/NC1=NC=CC=C1,1.461
C=CCNC1=C(C=C(C=C1)N(=O)=O)N(=O)=O,1.416
O=N(=O)C1=CC=C(C=C1)C1=NN(N2CCN=C12)C1=CC=CC=C1,1.46
COC(=O)\C=C\O\N=C(/C)C1=CC=C(C=C1)N(=O)=O,1.462
O=C1CC2=C(C=CC=C2)C(N1)C1=CC=C(C=C1)N(=O)=O,1.412
CC1=C(F)C=C(C(Cl)=C1)N(=O)=O,1.411
CC(=O)C1=C(C)OC(N)=C(C#N)C1C1=CC(=CC=C1)N(=O)=O,1.411
CCOC(=O)C1=CC(=NN1)C(=O)C1=CC=C(C=C1)N(=O)=O,1.411
O=C(CN1C=CN=C1N(=O)=O)NCC1=CC=CC=C1,1.447
O=N(=O)C1=CC=C(C=C1)C1=C(N=NN1CCOC1=CC=CC=C1)C#N,1.458
CNC=CN(=O)=O,1.411
FC1=NC=C(C=C1)N(=O)=O,1.41
CC1=CC=C(C=C1)C(=O)[C@]1(Cl)O[C@H]1C1=CC=C(C=C1)N(=O)=O,1.453
OC[C@@H]1CCCN1C1=CC=C(C=C1)N(=O)=O,1.41
COC1=CC=C(C(C)=C1)N(=O)=O,1.41
CCOC(=O)C(\C#N)=C\C1=CC=C(C=C1)N(=O)=O,1.41
CC(C)(C)C1=C[C@@](C)([C@@H](N(=O)=O)[C@@](C)(C1=O)N(=O)=O)N(=O)=O,1.41
O=C1CCCCC1=CC1=CC=CN=C1N(=O)=O,1.445
O=N(=O)C1=CC=CC=C1\C=N\NC1=CC=CC=C1,1.449
CN1C(\C=C\C2=CC=CC=C2)=NC=C1N(=O)=O,1.409
[H]\C(C(=O)OC)=C(\NC1=CC=CC=C1N(=O)=O)C(=O)OC,1.409
CC1=CC=C(C=C1)\N=N\C(=C(\Cl)Cl)C1=CC=CC=C1N(=O)=O,1.409
O=C(N\N=C\C=C\C1=CC=C(O1)N(=O)=O)C1=CC=CC=C1,1.408
CC(=O)C1=NN(C2=CC=CC=C2)C(=O)C(=C1)C1=CC=C(C=C1)N(=O)=O,1.408
CCN(C(C)C)C1=C(C=C(C=C1N(=O)=O)N(=O)=O)N(=O)=O,1.411
CN1C(=O)C(C(CN(=O)=O)C2=CC=C(F)C=C2)C(=O)N(C)C1=O,1.455
CC1=NC=C(N1CCOCCC#N)N(=O)=O,1.455
O=N(=O)C1=CC=C(\C=N\C2=NC=CC=C2)C=C1,1.407
COC1=CC=C(C=C1)\C=N\C1=CC=C(C=C1)N(=O)=O,1.407
C\C(C)=N/NC1=C(C=C(C=C1)N(=O)=O)N(=O)=O,1.407
FC(COC(=O)C=C)(N(=O)=O)N(=O)=O,1.408
CC1(OC2=CC=CC=C2C(=O)N1C1=CC=C(C=C1)N(=O)=O)C=C,1.406
COC1=CC=C(C=C1)\N=N\C1=CC=C(C=C1)N(=O)=O,1.406
O=C1CCCCC1(C1=CC=C(C=C1)N(=O)=O)N(=O)=O,1.407
O=C(C1=CC=CC=C1)C1=CC=C(C=C1)N(=O)=O,1.412
COC1=CC=CC=C1\C=C\N(=O)=O,1.45
CN(C)C1=C(C2=C(CN(C)C2)C2=CC=CN=C12)N(=O)=O,1.454
CCC1(CCC(=O)NC1=O)C1=CC(=CC=C1)N(=O)=O,1.406
CC1=CC(Cl)=C(C=C1N(=O)=O)N(=O)=O,1.388
CC(CON(=O)=O)ON(=O)=O,1.407
COC(=O)C1(OC2=CC=C3C=CC=CC3=C2C1CN(=O)=O)C(=O)OC,1.406
O=C1N(C(=O)C2=C3C1=CC=CC3=C(C=C2)N(=O)=O)C1=CC=CC=C1,1.436
CC1=C2N=C(C=NC2=CC=C1)C1=CC=CC=C1N(=O)=O,1.441
CN1N(C(=O)C(\N=C\C2=CC=C(C=C2)N(=O)=O)=C1C)C1=CC=CC=C1,1.45
CC(=O)C[C@@H](CN(=O)=O)C1=CC=C2OCOC2=C1,1.452
FC(F)(C(=O)C1=CC=CC=C1)N(=O)=O,1.406
CN1C(=CN=C1C1=CC=CC=C1)N(=O)=O,1.405
[H][C@@]12C[C@]3([H])O[C@@]1([H])[C@]2([H])[C@@H]3C1=CN(C)C2=CC=CC(=C12)N(=O)=O,1.405
CN(CC1=CC=CC=C1)C1=C(C=C(C=C1)N(=O)=O)N(=O)=O,1.408
O=C(C#CC1=CC=CC=C1)C1=CC=C(C=C1)N(=O)=O,1.434
CCOC(=O)[C@H]1[C@H](CN(=O)=O)C(C)(C)OC1=O,1.44
[H][C@]12CCCN1O[C@@H]([C@@H]2N(=O)=O)C1=CC=CC=C1,1.452
O=C1C2=C(CCC\C1=C/C1=C(C=CC=C1)N(=O)=O)C=CC=C2,1.404
OC1=C(C=C(\C=N\C2=CC=CC=C2)C=C1)N(=O)=O,1.404
CCOC(=O)C(F)(F)C(\C1=CC=C(C=C1)N(=O)=O)=N\N(C)C,1.404
O=N(=O)C1=C(NC2=CC=CC=C2)C=CC=C1,1.439
CCOC(=O)C(\C#N)=C\C1=CC(=CC=C1)N(=O)=O,1.403
CC1=NC=C(N1CCOC(=O)C1=CC=CC=C1)N(=O)=O,1.403
O=C(C1=CC=C(C=C1)N(=O)=O)\N=C1/N[C@H](CO1)C1=CC=CC=C1,1.402
COC1=C(OC)C(OC)=C(\C=C\C(=O)C2=CC=C(C=C2)N(=O)=O)C=C1,1.403
COC(=O)C(F)(F)N(=O)=O,1.403
O=N(=O)C1=CN=C(NC2=CC=CC=C2)C=C1,1.402
COC(=O)C1(C)CCC2=C(N1)C=C(C=C2)N(=O)=O,1.445
O=N(=O)C(C1=CC=CC=C1)(N(=O)=O)N(=O)=O,1.401
O=N(=O)C1=C(C=CC=C1)C#N,1.4
CCNC(=O)OCC(C)(N(=O)=O)N(=O)=O,1.4
CCOC(=O)C(\C1=CC=C(C=C1)N(=O)=O)=N/NC1=CC=CC=C1,1.43
O=C(C#CN1CCOCC1)C1=CC=C(C=C1)N(=O)=O,1.4
CCOC(=O)CN(CC(N(=O)=O)(N(=O)=O)N(=O)=O)N(=O)=O,1.4
CC(C)(C)C1=C[C@](C)(C(=O)[C@](C)([C@H]1N(=O)=O)N(=O)=O)N(=O)=O,1.4
CC(C)(C)C1=C[C@@](C)(C(=O)[C@](C)([C@H]1N(=O)=O)N(=O)=O)N(=O)=O,1.4
CC(=O)NC1=CC(COC(C)=O)=C(C=C1)N(=O)=O,1.4
O=N(=O)C1=CC(=CC=C1)C#N,1.399
OC1=CC=C2C=CC=CC2=C1C=NN=CC1=CC=C(C=C1)N(=O)=O,1.4
C=CCN1C(=O)C2=CC=CN=C2N=C1C1=CC=C(C=C1)N(=O)=O,1.399
CCC(N(=O)=O)(N(=O)=O)N(=O)=O,1.4
COC(=O)C\C(C(=O)OC)=C/C1=CC=C(C=C1)N(=O)=O,1.399
[H][C@]12C(=CC[C@]1(OC1=C2C=CC=C1OC)N(=O)=O)C(=O)OCC,1.399
O=N(=O)C1=CC=CC(=C1)C1=CN(CC2=CC=CC=C2)N=N1,1.404
CC1=CC(N)=C(C=C1C)N(=O)=O,1.434
O=N(=O)C1=CC=C(C=C1)C1=CC=C(O1)\C=N\NC1=CC=CC=C1,1.438
CCCN1C2=C(NC3=NC=CC=C3C1=O)C=CC(=C2)N(=O)=O,1.412
CC1=CC=C(C=C1N(=O)=O)N(=O)=O,1.397
CC(=O)C1=C(OC(=O)C2=CC3=CC=CC=C3C=C2)C=C(C=C1)N(=O)=O,1.397
C[C@@H]1C[C@@](O)(CC2=CC=CC=C2N(=O)=O)C(=O)O1,1.397
FC(F)C1=CC(=CC=C1)N(=O)=O,1.398
CC(C)N(CN(C)N(=O)=O)N(=O)=O,1.424
CC1N(C)C(C)C2(CC1(CC=C2)N(=O)=O)N(=O)=O,1.431
CC(=O)C1=C(C)NC(=O)CC1C1=CC=CC(=C1)N(=O)=O,1.396
OC1=C(C=C2CCC(=O)C2=C1C1=CC=CC=C1)C1=CC=C(C=C1)N(=O)=O,1.396
CC1=CN(C(=O)C(=O)C2=CC=C(C=C2)N(=O)=O)C2=CC=CC=C12,1.396
COC(=O)C1(CCC1C1=CC=C(C=C1)N(=O)=O)C(=O)OC,1.443
OC1=CC=C(C=C1C=NCC1=CC=CC=C1)N(=O)=O,1.395
O=N(=O)C1=CC=CC2=C1C1=C(C=CC=C1)C=C2,1.394
CC1=C2N(CCC2=CC=C1)C1=CC=C(C=C1)N(=O)=O,1.429
CN(C)C1=C(C(F)=CC(=C1)N1CCOCC1)N(=O)=O,1.433
CC1=CC=C(C=C1)\N=C\C1=CC=C(C=C1)N(=O)=O,1.46
O=C(N1CCCC1)C1=CC=C(C=C1)N(=O)=O,1.393
CC(=O)OC(OC(C)=O)C1=CC=CC(=C1)N(=O)=O,1.393
CCO\C(C1=CC=C(C=C1)N(=O)=O)=C(/C)C(O)=O,1.422
OC1=C(NC2=CC=C(C=C2)N(=O)=O)C2=CC=CC=C2C=C1,1.392
COC1=CC=C(\C=C\C=N\C2=CC(=CC=C2)N(=O)=O)C=C1,1.439
CC(=O)C(C(C)=O)C1=CC=C(C=C1)N(=O)=O,1.391
COC(=O)CC[C@]1(C=CCC[C@@H]1C1=CC2=C(OCO2)C=C1)N(=O)=O,1.391
[H][C@@]12C[C@@]([H])([C@@H](CC1)OC(=O)C1=CC=C(C(=C1)N(=O)=O)N(=O)=O)C2(C)C,1.43
CCOC(=O)C(F)(CC1=CC=C(OC)C=C1N(=O)=O)C(=O)OCC,1.433
CC(C)(C)C12OC3=C(C=C(C=C3)N(=O)=O)C1=CCCO2,1.438
COC(=O)[C@@]1(C[C@H]1C(=O)NC1=CC=CC=C1)C1=C(C=CC=C1)N(=O)=O,1.438
O=C(OC1=CC=CC=C1)C1=CC=CC(=C1)N(=O)=O,1.39
CC1=C(C)[C@](C)(N(=O)=O)[C@@](C)(C(=O)[C@@]1(C)O)N(=O)=O,1.39
CC1=C(C(=C(C(C)=C1N(=O)=O)N(=O)=O)C(C)(C)C)N(=O)=O,1.39
ClCC(=O)OCCOC1=C(C=CC=C1)N(=O)=O,1.391
C=CCN(CC=C)C(=O)C1=CC(=CC(=C1)N(=O)=O)N(=O)=O,1.39
CC1=CC=C(C=C1)[C@@H]1[C@H](C[C@]2(C)C(=O)CC[C@]2(O)[C@H]1N(=O)=O)C=O,1.419
COC(=O)C1=CC(OC)=C(OCC2=CC=CC=C2)C=C1N(=O)=O,1.389
CC(=O)O[C@H]1C=CC[C@@]11CC=C[C@H]1OC(=O)C1=CC=C(C=C1)N(=O)=O,1.389
CC1=CC(C)=C(N1)\C=C(/C(O)=O)C1=C(C=CC=C1)N(=O)=O,1.424
O=C1CCCC(NC2=CC(=CC=C2)N(=O)=O)=C1,1.388
CN(C)N=NC1=CC=C(C=C1)N(=O)=O,1.388
CC(C)CNC1=C(C=C(C=C1)N(=O)=O)N(=O)=O,1.388
O=N(=O)OCCOCCON(=O)=O,1.388
CC(C)(C)C1=CC=C(Br)C=C1N(=O)=O,1.387
CC(=O)C(=C)C(O)C1=CC=C(C=C1)N(=O)=O,1.387
CC1CC=CC(=O)N1C(=O)C1=CC=C(C=C1)N(=O)=O,1.387
CN1C(=O)C(C(CN(=O)=O)C2=CC=CC=C2)C(=O)N(C)C1=O,1.387
CCC1=NC(C)=C2C(NC3=C(C=CC=C3)N12)C1=CC=C(C=C1)N(=O)=O,1.416
COC1=CC=C(C=C1)[C@@H]1[C@H](COC2=C1C1=C(C=CC=C1)C=C2)N(=O)=O,1.422
CO[C@@H]1OC[C@@H](OC(C)=O)[C@](C)([C@@H]1OC(C)=O)N(=O)=O,1.386
[H][C@]12CCCN1C1=C(C[C@@H]2N(=O)=O)C=C(OC)C(OC)=C1,1.422
O=C(OCC1CC1)C1=CC=C(C=C1)N(=O)=O,1.425
CC1(C)OC(C)(C)N2C1N1CCC(=C)C3=C1C(=CC(=C3)N(=O)=O)C2=O,1.428
O=N(=O)C1=C(C=CC=C1)C#CC#CC1=CC=CC=C1,1.385
CC(C1=NC=CC=C1)C1=C(C=C(C=C1)N(=O)=O)N(=O)=O,1.385
ClC1=CC=CC(Cl)=C1N(=O)=O,1.366
CCN(CN(CC)N(=O)=O)N(=O)=O,1.412
O=C1CCCC(=C1)C1=CC=CC=C1N(=O)=O,1.42
O=CC(=CNCC1=CC=CC=C1)C1=CC=C(C=C1)N(=O)=O,1.432
COC1=CC2=C(CC3CC23)C=C1N(=O)=O,1.384
O=N(=O)C1=CC=CC=C1N1C=C(N=N1)C1=CC=CC=C1,1.384
COC(=O)C1=CC(=CC=C1)C1=CC=C(C=C1C1=CC=CC=C1)N(=O)=O,1.41
[H][C@]12CCC[C@](O)(C1)N(C)N=C2C1=CC=CC(=C1)N(=O)=O,1.382
CC(CC(=O)C1=CC=C(C=C1)N(=O)=O)(C=O)C1=CC=CC=C1,1.411
O=N(=O)C1=CC=C(CC2=NC=CN=C2)C=C1,1.381
COC(=O)\C=C\[C@@H]1[C@H]([C@H]1C1=CC=CC=C1)C1=C(C(C)=NO1)N(=O)=O,1.423
O=N(=O)C1=CC=CC=C1\C=C\C#N,1.38
CC(C)(C)C1=C[C@@](C)(C(=O)[C@](C)([C@@H]1N(=O)=O)N(=O)=O)N(=O)=O,1.38
CC(=O)NC1=CC=C(C)C=C1N(=O)=O,1.38
CN(CC#N)C1=CC=C(C=C1)N(=O)=O,1.422
CC1(F)CCN(CC1)C(=O)C1=CC=C(C=C1)N(=O)=O,1.378
CC1=CC=C(OC2=CC=C(C=C2)N(=O)=O)C=C1,1.425
CN1C=C(CC2=C(O)C=CC(=C2)N(=O)=O)C2=CC=CC=C12,1.377
C[C@H](NC(=O)OC(C)(C)C)C(=O)NC1=CC=CC(=C1)N(=O)=O,1.377
CC1=C2CCC(C)(C)OC2=C(C)C(=C1O)N(=O)=O,1.406
CN\C(N(C)C(=O)C1=CC=CC=C1)=C(\C#N)N(=O)=O,1.376
CCOC(=O)C1=C(C)OC(N)=C(C#N)C1C1=CC(=CC=C1)N(=O)=O,1.375
CC1=C(O)C=CC(=C1)C1=C(C=CC=C1)N(=O)=O,1.376
[H][C@@]12CC[C@]3(N(=O)=O)[C@]([H])(CC[C@]4(C)C(=O)CC[C@]34O)[C@@]1([H])C=CC(=O)C2,1.411
OCCN1C(\C=C\C2=CC=CC=C2)=NC=C1N(=O)=O,1.375
[H][C@]12[C@H](O)[C@@H]3C[C@H](C[C@]1(C)N(=O)=O)[C@H]2C3,1.375
CC(C)(C1=CC=C(C=C1)N(=O)=O)C1=CC=C(C=C1)N(=O)=O,1.374
CN1C2=CC=CC=C2C(=C1N(=O)=O)C1=CC=CC=C1,1.404
O=N(=O)C1=CC2=CC=C1CCC1=CC=C(CC2)C=C1,1.422
O=N(=O)OC\C=C/CON(=O)=O,1.374
[H][C@@]12O[C@]1([H])[C@@H](OC(=O)C1=CC=C(C=C1)N(=O)=O)[C@@H](C)C[C@@H]2OC(C)=O,1.373
COC1=CC=CC(=C1)N(=O)=O,1.375
CCOC(=O)[C@@]1(CCCC1=O)[C@@H](CN(=O)=O)C1=CC=CC(Cl)=C1,1.413
[H][C@@]1(OC(=C(C#N)[C@]1([H])C1=CC=CC=C1)C1=CC=CC=C1)N(=O)=O,1.417
[H][C@]12CC(=O)C[C@H](CN(=O)=O)[C@@]1(OC)OCCO2,1.373
CC(=O)C1(CC1)C1=CC(=CC=C1)N(=O)=O,1.352
O=N(=O)C1=CC=C(CCC2=CC=C(C=C2)N(=O)=O)C=C1,1.372
O=N(=O)C1=CC=C2NCCCC2=C1,1.372
CC1=CC(C)=C2C=C(C(=O)N12)C1=CC=CC=C1N(=O)=O,1.407
COC(=O)C1=C(OC)C(=O)OC1C1=CC=C(C=C1)N(=O)=O,1.371
OC(=O)CCCCCNC(=O)C1=CC=C(C=C1)N(=O)=O,1.37
O=C\C=C\C1=CC=C(C=C1)N(=O)=O,1.37
O=C([C@H]1N[C@@H]1C1=CC=C(C=C1)N(=O)=O)C1=CC=CC=C1,1.37
COC1=C(OC)C=C(C=C1)\C=C\N(=O)=O,1.37
COC(=O)C(=C/C1=CC=C(C=C1)N(=O)=O)\C1=CC=CC=C1,1.37
ClC1=CC2=C(OC(CC3CCCCC3)=N2)C=C1N(=O)=O,1.37
OC1CCN(CC1)C1=CC=C(C=C1)N(=O)=O,1.37
COC1=CC(=CC=C1\N=C/C1=C2C=CC=CC2=CC=C1O)N(=O)=O,1.37
COC(=O)C1=C(C)NC(C2=CC=CC=C2)C(=C1)N(=O)=O,1.37
COC1=CC=CC(=C1)[C@@H](CC(=O)C1=N(=O)C=CC=C1)CN(=O)=O,1.371
COC(=O)[C@@H](NC(=O)OC(C)(C)C)[C@@H](F)C1=CC(=CC=C1)N(=O)=O,1.405
CN(C)C1=CC=CC(=C1C1=C(C=CC=C1N(C)C)N(=O)=O)N(=O)=O,1.412
COC1=CC2=C(C=C1)[C@H](O[C@@H](C)C2)C1=CC=CC(=C1)N(=O)=O,1.417
CC(=O)C1=C(O)CC(C(C1C1=CC=CC=C1)N(=O)=O)C1=CC=CC=C1,1.417
CC1=CC=C(C=C1)C1(O)CC2=C1C1=CC=CC=C1C(O)=C2N(=O)=O,1.369
O=N(=O)C1=CC=C(\C=N\NC2=CC=CC=C2)C=C1,1.368
CCOC(=O)C1=NN(CNC2=C(C=CC(C)=N2)N(=O)=O)C(C)=C1,1.368
NC1=C(C=CC=C1)C(=O)\C=C\C1=CC=C(C=C1)N(=O)=O,1.369
ClC1=CC=CC=C1N(=O)=O,1.369
CN(C)C1=CC=C(C=C1)\C=C\N(=O)=O,1.416
O=N(=O)C1=C(C=CC2=C1C=CC=C2)C1=CC=CC=C1,1.416
CN1C(C)=NC=C1C1=CC=C(C=C1)N(=O)=O,1.368
[H][C@]1(CCOC1=O)[C@H](CC)N(=O)=O,1.368
O=N(=O)C1=CC(=CC=C1)N(=O)=O,1.352
CCCOC(=O)C1=C(Cl)C(=CC(Cl)=C1)N(=O)=O,1.369
O=C(C1=CC=CC=C1)C1=CC=CC(=C1)N(=O)=O,1.373
CC1=NN(C2=C1[C@@H]([C@H](CO2)N(=O)=O)C1=CC=CC=C1)C1=CC=CC=C1,1.397
CCOC(=O)C1=C(O)C2=CC=CC=C2C(=C1C1=CC=CC=C1)N(=O)=O,1.367
COCC(CON(=O)=O)ON(=O)=O,1.367
CN(C)C1=C(NC(C)=O)C=C(C=C1)N(=O)=O,1.367
O=N(=O)C1=CC(=C(NN=C2CCC3CCCCC3=C2)C=C1)N(=O)=O,1.367
CCOC(=O)C(\C1=CC=CC=C1)=N/NC1=CC=C(C=C1)N(=O)=O,1.396
CCOC(=O)C1=CC=C(C=C1)N(=O)=O,1.366
C\C=C(/OC(=O)C1=CC=C(C=C1)N(=O)=O)C(C)=O,1.366
O=N(=O)C1=CC=C(CN2C=C(N=N2)C2=CC=CC=C2)C=C1,1.366
O=N(=O)OC\C=C\CON(=O)=O,1.367
O=C1N(CC2=CC=CC=C2N(=O)=O)C(C2=C1C=CC=C2)C1=CC=CC=C1,1.365
CC(=O)C(C)(C(CN(=O)=O)C1=C(Cl)C=CC=C1)C(C)=O,1.389
O=C(COC(=O)C1=CC=C(C=C1)N(=O)=O)C12CC3CC(CC(C3)C1)C2,1.365
NC1=C(NCC2=CC=CC=C2)C=C(C=C1)N(=O)=O,1.365
CC1=CN=C(CC2=CNC3=CC=CC(=C23)N(=O)=O)C(C)=N1,1.365
CCOC(=O)\C=C1OC2=C(C=CC=C2)C=C/1C1=CC=C(C=C1)N(=O)=O,1.365
CN1C(=O)[C@]2(C[C@H](C=C2)C2=CC=C(C=C2)N(=O)=O)C2=CC=CC=C12,1.4
CCOC(=O)C1(C2CC3=C(C=CC=C3)C12)N(=O)=O,1.363
COC1=CC=C(C=C1)N(C)N(=O)=O,1.363
O=N(=O)N1CCOCC1,1.364
CC1C=CCC(C1N(=O)=O)C(Cl)(Cl)Cl,1.364
CC1C=CCC(C1C(Cl)(Cl)Cl)N(=O)=O,1.364
C[C@@H]1[C@@H](C=C)[C@@H](OC(=O)C2=CC=C(C=C2)N(=O)=O)C=CC1=O,1.362
O=C1NCCCC\C1=N\OCC1=CC=C(C=C1)N(=O)=O,1.363
O=N(=O)C1=CC=C(C=C1)C1CC(=NC2=C(N1)C=CC=C2)C1=CC=CC=C1,1.363
CCN(CC)C1=C(C=CC(=C1)N(=O)=O)N(=O)=O,1.364
[H][C@](NC1=C(C=C(C=C1)N(=O)=O)N(=O)=O)([C@H](C)CC)C(=O)OC,1.362
CC1=CC=C(C=C1)C1=CC2=CC=CC=C2\C(O1)=C\N(=O)=O,1.361
CC(=O)ON(C(=O)C1=CC=C(C=C1)N(=O)=O)C1=CC=CC=C1,1.361
OC[C@H]1OC(=O)[C@H](CC2=CC=CC=C2)[C@H]1CN(=O)=O,1.362
COC(=O)C(\C1=CC=CC=C1)=N/C1=CC=C(C=C1)N(=O)=O,1.362
C\C(C1=CC=CC=C1)=N/OC1=CC=C(C=C1)N(=O)=O,1.362
CC[C@@]1([C@H](OC1=O)C1=C(C=CC=C1)N(=O)=O)C1=CC=CC=C1,1.39
CN1CCC\C1=C/N(=O)=O,1.36
CC[C@@H]([C@H](CC)N(=O)=O)C(=O)NCC1=CC=C(Cl)C(Cl)=C1,1.36
[H]\C(C1=CC=C(C=C1)N(=O)=O)=N/C1=CC=C(OC)C=C1,1.359
O=C1NCCCC\C1=N/OCC1=CC=C(C=C1)N(=O)=O,1.36
CN(C)C1=CC(N)=C(C=C1)N(=O)=O,1.36
COC1=C(C=CC=C1)C(CC1(C)C(=O)CCCC1=O)N(=O)=O,1.383
ClC1=C(C=CC=C1)C(CC1(CC=C)C(=O)CCCC1=O)N(=O)=O,1.383
O=C(CNC1=CC=CC=C1)C1=CC=C(C=C1)N(=O)=O,1.359
O=N(=O)C1=CC=C(C=C1)[C@H]1NC2=C(C=CC=C2)[C@H]2OCCC[C@@H]12,1.358
O=C1CCCC2=NC3=CC=C(C=C3C(C3=CC=CC=C3)=C12)N(=O)=O,1.359
OC1=CC=C(CCN=CC2=CC=C(C=C2)N(=O)=O)C=C1,1.381
COC1=CC(CC2=NC3=CC=CC=C3N2)=C(C=C1OC)N(=O)=O,1.357
CC1CCN(C=C1N(=O)=O)C1=CC=C(F)C=C1,1.356
OC(=O)C1=CC=C(NC(=O)C2=CC=C(C=C2)N(=O)=O)C=C1,1.381
O=C1CCCC(NC2=CC=C(C=C2)N(=O)=O)=C1,1.356
CN(C)C1=CC(N2CCOCC2)=C(C=C1)N(=O)=O,1.395
CC1(C)CC(=O)C2=C(C1)OC(N)=C(C2C1=CC=C(F)C=C1)N(=O)=O,1.354
[H][C@]12O[C@@]1([H])C(=O)[C@@H](C)[C@H](C=C)[C@@H]2OC(=O)C1=CC=C(C=C1)N(=O)=O,1.354
CCOC(=O)C[C@@H]1CC2=C(C=CC=C2OC)[C@H](O)[C@H]1N(=O)=O,1.39
COC1=CC=C(C=C1)N1C=C(N=C1C)N(=O)=O,1.354
CNC1=CC=C(C=C1C(=O)N1CCC[C@H]1CO)N(=O)=O,1.354
FC(C#N)(N(=O)=O)N(=O)=O,1.355
O=N(=O)CCCN(=O)=O,1.353
COC(=O)C(=C\C1=CC=CC=C1)\N(=O)=O,1.354
CN1C=C[N+](=C1)C1=C([N-]C=C1C1=CC=CC=C1)C1=CC=C(C=C1)N(=O)=O,1.401
CCOC(=O)CC1=C(C(=C2NCCCN12)N(=O)=O)C1=CC=CC=C1,1.352
CN1C2=CC=CC=C2C23CCCCC12OC1=CC=C(C=C1C3)N(=O)=O,1.37
CN1C2=C(C=CC=C2)N(CC2=CC=C(C=C2)N(=O)=O)C2=C1C=CC=C2,1.352
CC(=O)OC(C)=C(C)C(CN(=O)=O)C1=CC=CC=C1Cl,1.375
CC(N(=O)=O)N(=O)=O,1.351
COC1=C(OC(C)C)C=C(C(CC(OC=O)C(C)=NO)=C1)N(=O)=O,1.34
C\C(C1=C(C=CC=C1)N(=O)=O)=N/N=C(\C)C1=C(C=CC=C1)N(=O)=O,1.351
OC1=C(C=C(C=C1)N(=O)=O)\C=N\C1CCCCC1,1.398
O=N(=O)C1=NC=CC=C1,1.402
NC1=CC=C(C=C1NCC1=NC=CC=C1)N(=O)=O,1.35
COC(=O)C(=C/C1=CC=CC=C1)\C1=CC=C(C=C1)N(=O)=O,1.35
CNC1=NC(NC)=C(C1=NC1=CC=CC=C1)N(=O)=O,1.35
CC1=NC2=CC(=CC=C2N1CC1=CC=CC=C1)N(=O)=O,1.35
CC1=NC(C)=C(O1)C1=CC=C(C=C1)N(=O)=O,1.35
CC1=C(C)C(=C(C)C(=C1C)N(=O)=O)N(=O)=O,1.35
CC(=O)C=C(C)NC1=CC=C(C=C1)N(=O)=O,1.35
C\C(CN(=O)=O)=C(\C)CN(=O)=O,1.35
[H][C@@]12CC(=O)C=C[C@]1(C)OC\C2=C\C1=CC(=CC=C1)N(=O)=O,1.35
CN(C)\C=C\C1=C(C2=C(C=CC=N2)C=C1)N(=O)=O,1.377
CC(C)C1(C)N(C)C(=O)C(C2=CC=C(C=C2)N(=O)=O)=N1=O,1.349
O=N(=O)C1CC(N(=O)=O)C2(OCCO2)C(C1)N(=O)=O,1.349
CC1(C)CC(C)(C2=CC(=CC=C12)N(=O)=O)C1=CC=C(C=C1)N(=O)=O,1.35
COC1=CC=C(C=C1)C(CN(=O)=O)C1=CNC2=C1C=CC=C2,1.348
CCOC(=O)CN1C=CC(C)=C(C1=O)N(=O)=O,1.348
C=C(C#N)C1CC=C(C(=O)C1)C1=CC=CC=C1N(=O)=O,1.371
O=N(=O)C1=CC2=CC=CC=C2N=C1C1=CC=CC=C1,1.347
CC1CC2=CC=CC=C2N1C(=O)NC1=CC=C(C=C1)N(=O)=O,1.346
CC1=CN=C(N=C1C1=CC=CC(=C1)N(=O)=O)C1=CC=CC=C1,1.347
CC(C)C(N(=O)=O)(N(=O)=O)N(=O)=O,1.346
CN(C)C(=N)C(F)(F)N(=O)=O,1.345
OC1=CC(C2=CC=CC=C2)=C(C2=CC=CC=C12)N(=O)=O,1.346
OC1=C(C(=O)C2=CC=CC=C2)C(C2CC2)=C(C2=CC=CC=C12)N(=O)=O,1.346
O=N(=O)C1=C(C=CC=C1)C1=C(C=NN1C1=CC=CC=C1)C#N,1.346
O=C1CCCCC1(C1=CC=CC=C1)N(=O)=O,1.346
NC1=C(C(\C=C(\N2CCCC2)C2=CC=CC=C2)=NC=N1)N(=O)=O,1.346
O=C(N1CCCCC1)C1=C(C=CC=C1)N(=O)=O,1.347
CC1=CC=C(C=C1)N=NNC1=CC=C(C)C=C1N(=O)=O,1.388
CCC1=NC2=CC=CC=C2C=C1N(=O)=O,1.345
C[C@@]1(O[C@@H]1C1=CC=CC=C1)N(=O)=O,1.368
C[C@H]1C[C@@H](CN(=O)=O)C2=CC=C(F)C=C2N1,1.345
OC1=C(C=C(C=C1C1=CC=CC=C1)N(=O)=O)C1=CC=CC=C1,1.344
O=N(=O)C1=CC=C(NC#N)C=C1,1.343
O=N(=O)C1=CC2=CC=CC=C2NC1(C1=CC=CC=C1)C1=CC=CC=C1,1.343
CC1=C\C(\C=C(C)O1)=N/C1=CC=C(C=C1)N(=O)=O,1.343
CN(C)\C=C\C1=CC=C(C=C1N(=O)=O)C#N,1.305
COC(=O)C1=CC(=C(C=C1N(C)C)C1=CC=C(OC)C=C1)N(=O)=O,1.343
O=N(=O)C1=C(C2=C(C1)C=CC=C2)C1=CC=CC=C1,1.343
CCN(CC)C1=CC(=C(C=C1)N(=O)=O)N(=O)=O,1.344
[H][C@]12C[C@]([H])(C=C1)[C@@]1(CC=C([C@@H](O)C3=CC=C(C=C3)N(=O)=O)C1=O)C2,1.341
CC(C)(N(=O)=O)C(C)(C)N(=O)=O,1.341
CCCCCC(=O)NC\C=N\NC1=C(C=C(C=C1)N(=O)=O)N(=O)=O,1.34
CC1=CC=C(C=C1)\C=C\N(=O)=O,1.34
CC1=CC=C(C=C1)C1=CN(CC2=CC=C(C=C2)N(=O)=O)N=N1,1.339
COC1=CC(=C(NCC2=CC=CC=C2)C=C1)N(=O)=O,1.34
COC(=O)C1=C(NC(=O)C2=CC=CC=C2N(=O)=O)C=CC=C1,1.387
C[C@@H](NC(=O)OC(C)(C)C)C(=O)NC1=CC=CC(=C1)N(=O)=O,1.339
FC1=C(C=CC=C1)N(=O)=O,1.34
O=C1OC(\C=C1CC1=CC=CC=C1)=C/C1=CC=C(C=C1)N(=O)=O,1.338
CCOC(=O)C(\C#N)=C\C=C\C1=C(OC)C=CC(=C1)N(=O)=O,1.338
[H][C@@]12CCC(=O)[C@@]1(C)CC[C@]1([H])C3=C(CC[C@@]21[H])C(=C(O)C=C3)N(=O)=O,1.339
CCC[C@@]1(CC[C@@H](CC1)OC(=O)NC1=CC=C(C=C1)N(=O)=O)OC,1.37
[H][C@@]12C[C@@]([H])([C@@H](CC1)OC(=O)C1=C(C=CC=C1)N(=O)=O)C2(C)C,1.378
CC1=NN(C(C1)C1=C(O)C=CC=C1)C(=O)C1=CC=C(C=C1)N(=O)=O,1.337
O=C(C1=CC=CC=C1)C(=C\C1=CC=CC=C1)\C1=C(N=CC=C1)N(=O)=O,1.372
C[C@H](NC(=O)[C@H]1CCC[C@H]1CN(=O)=O)C(=O)OCC1=CC=CC=C1,1.371
CCOC(=O)C(NC)(C1=CC=CC=C1)C1=CC=C(C=C1)N(=O)=O,1.335
CN(C)C1=CC=C(OC2=CC=C(C=C2)N(=O)=O)C=C1,1.334
CC1(C)CC(C2=CC=C(C=C2)N(=O)=O)=C(C(=O)O1)C1=CC=CC=C1,1.358
CN(C)\C=C\C1=C(C2=CC=CN=C2C=C1)N(=O)=O,1.362
CC(C)C1=CC=C(C=C1)\C=N\N=C\C1=CC=C(C=C1)N(=O)=O,1.377
O[C@H]1CCCC[C@@H]1NC1=CC=C(C=C1)N(=O)=O,1.339
CN\C(NC)=C(/C=C1\C(=O)CC(C)(C)CC1=O)N(=O)=O,1.333
[H][C@]12C[C@]([H])(C=C1)[C@@]1(CC=C([C@H](O)C3=CC=C(C=C3)N(=O)=O)C1=O)C2,1.332
[H][C@@]12C[C@@](CC3=C1C=CC(=C3)N(=O)=O)(ON2C(C)(C)C)C(=O)OC,1.333
O[C@@H]([C@H](C=C)C1=CC=C(C=C1)N(=O)=O)C(=O)C1=CC=CC=C1,1.333
[H][C@@]12NC3=C(C[C@]1(C)C1=CC=CC=C1N2C)C(=CC=C3)N(=O)=O,1.333
CCN(CC)C1=C(C2=CC=C(C=C2O1)N(=O)=O)C1=CC=CC=C1,1.364
O=N(=O)C1=C(OCC2=CC=CC=C2)C=CC=N1,1.332
O[C@]12CCC[C@@]1(COC(=O)C1=CC=C(C=C1)N(=O)=O)CC[C@H]2C=C,1.368
CC1(C)C=CN(N=C1C1=CC=CC=C1)C1=CC=C(C=C1)N(=O)=O,1.379
O=N(=O)C1=CC=CC2=C1C=CC=C2,1.331
O=N(=O)C1(CCCC1)C1(CCCC1)N(=O)=O,1.331
CC(C)(C)N1N=C(C2=C1N=CN=C2N)C1=CC=C(C=C1)N(=O)=O,1.331
O=N(=O)C1=CN=CC=C1,1.33
FC1=CC=C(C=C1)N(=O)=O,1.331
CC1(C)CC2=C(N=NN2C2=CC=C(C=C2)N(=O)=O)C(=O)C1,1.331
O=C(N1CCCCC1)C1=CC(=CC=C1)N(=O)=O,1.332
CC1=C(CC1)C1=CC(=CC=C1)N(=O)=O,1.377
CN1C(=O)N(C)C(N)=C(C(CN(=O)=O)C2=CC=CC=C2)C1=O,1.378
CC1(F)CCN(CC2=CC=C(C=C2)N(=O)=O)CC1,1.378
O=N(=O)C1=CC=C(N\N=C(/C2=CC=CC=C2)C2=CC=CC=C2)C=C1,1.33
O=N(=O)C1=CC=C(C=C1)N1CCCC1,1.33
O=N(=O)C1=CC=C(C=C1)C1C2N1CCN=C2C1=CC=CC=C1,1.33
O=N(=O)C1=CC=C(\C=C(\C#N)C2=CC=CC=C2)C=C1,1.33
O=C(COC(=O)C1=C(C=CC=C1)N(=O)=O)C12CC3CC(CC(C3)C1)C2,1.33
CN(C)C1=CC=CC2=C1C(=CC=C2)N(=O)=O,1.33
CC1=NNC(C)=C1N(=O)=O,1.33
CC(=O)\C=C(\C)NC1=CC=CC(=C1)N(=O)=O,1.33
COC1=C(NC(=O)CCC(O)=O)C=C(C=C1)N(=O)=O,1.33
CC1=CC=C(C=C1)C(=C(/N(=O)=O)N(=O)=O)\C1=CC=C(C)C=C1,1.33
O=N(=O)C1=CC=C(C=C1)C1=CC=CC=C1,1.328
O=C1C2=CC=CC=C2C2(OC12C1=CC=C(C=C1)N(=O)=O)C1=CC=CC=C1,1.328
O=N(=O)C1=CC=C(OC2=CC=C(C=C2)C#C)C=C1,1.327
O=N(=O)OCCCCON(=O)=O,1.328
NC(=O)[C@@]1(C=C([C@H]([C@@H]1C1=CC=CC=C1)N(=O)=O)C1=CC=CC=C1)C#N,1.375
COC(=O)C1=CC2=CC(=CC=C2OC1N1CCOCC1)N(=O)=O,1.327
O=N(=O)C1=CC=C(C=C1)\C=C1/CO[C@H](C1)O[C@H]1CCCCO1,1.326
FC1=CC(=CC=C1)N(=O)=O,1.327
[H][C@]1(CCCC[C@@H]1N(=O)=O)[C@]1([H])O[C@@](C)(OC)[C@](C)(OC)OC1=O,1.352
O=N(=O)C1=CC=C(NC23CC4CC(CC(C4)C2)C3)N=C1,1.356
CCC1=C(C=C(C=C1)N(=O)=O)N(=O)=O,1.324
CC(C)N(CN(C(C)C)N(=O)=O)N(=O)=O,1.351
CC1(C)[C@@]2(C)CC[C@@]1(OC2=O)C(=O)OC[C@H]1CCC[C@H]1CN(=O)=O,1.358
CCOC(=O)[C@@]1(CCCC1=O)[C@@H](CN(=O)=O)C1=CC=CC=C1,1.363
ClC1=CC=C(C=C1)N=N(=O)C1=C(C=C(Cl)C=C1)N(=O)=O,1.294
[H][C@@]12[C@H]([C@H](N(=O)=O)[C@]3(O)CCC[C@]13CCCCC2=O)C1=CC=CC=C1,1.322
COC1=CC=C(C=C1)C(=C\C=C\C1=CC=C(C=C1)N(=O)=O)\C#N,1.323
O=N(=O)C1=CC=C(C=C1)C1=CC=C(C=C1)C1=CC=CC=C1,1.321
CC(=CC1=C(C)NC2=C1C=CC=C2)N(=O)=O,1.321
CN(C)\C=C\C1=CC=C(C=C1)N(=O)=O,1.3
ClC(=O)OCC1=C(C=CC=C1)N(=O)=O,1.32
CCN(CCON(=O)=O)N(=O)=O,1.32
CC(CN(C)N(=O)=O)ON(=O)=O,1.32
CO[C@@H]1C[C@@](C)([C@H](O)[C@@H](C)O1)N(=O)=O,1.32
[H][C@@]1(O[C@](C)(OC)[C@@](C)(OC)OC1=O)[C@H](CN(=O)=O)C1=CC=CC=C1,1.348
[H][C@@]12CC[C@]3([C@@H](O)CCC[C@]3([H])[C@@]1([H])C=CC(=O)C2)N(=O)=O,1.356
COC(=O)C(=C\C1=CC=C(C=C1)N(=O)=O)\C1=CC=CC=C1,1.32
CN(C)CCCN1C2=CC=CC=C2OC2=C(C=C(C=C2)N(=O)=O)C1=O,1.32
CCOC(=O)C1=C(C)N(NC2=CC=C(C=C2)N(=O)=O)C2=C1CCCC2,1.32
CCC(CC)=NNC1=CC=C(C=C1N(=O)=O)N(=O)=O,1.32
OCCOC1=CC=C(C=C1)N(=O)=O,1.321
CN(C1=CC=CC=C1)N(=O)=O,1.319
O=N(=O)C1=CC=C(\C=C\C2=CC=CC=N2)C=C1,1.32
CN(C)C1=C(N)C=C(C=C1)N(=O)=O,1.32
CC1(C)C(C=CC2=CC(=CC=C2O)N(=O)=O)=NC2=C1C=CC=C2,1.32
CO\C(=C/C1=CC=C(C=C1)N(=O)=O)C(=O)C1=CC=CC=C1,1.319
[H][C@@](CC(=O)OC)(ON(=O)=O)C(=O)OC,1.32
O=N(=O)C1=CC=C(\C=N\C2=CC=CC=C2)C=C1,1.318
O=N(=O)O[C@H]1CCCC[C@@H]1ON(=O)=O,1.319
COC1=CC(=C(N)C=C1)N(=O)=O,1.318
CCOC(=O)C(O)C(=C/C1=CC=C(C=C1)N(C)C)\N(=O)=O,1.318
CN1N=CC(=C1\C(=C\C1=CC=CC=C1)C#CC1=CC=CC=C1)N(=O)=O,1.347
CC(C)(C)C(=O)NC1=C2N=CC=CC2=C(C=C1)N(=O)=O,1.347
CN1C(=CC2=C1C=CC=C2)\C=C\C1=CC=C(C=C1)N(=O)=O,1.317
O=N(=O)CC(C1=C(N=C2C=CC=CN12)C1=CC=CC=C1)C1=CC=CC=C1,1.317
CC(C)(C)C1=NN(C(N)=C1)C1=CC=C(C=C1)N(=O)=O,1.358
O=N(=O)C1=CC=C(C=C1)C(\C=N\C1=CC=CC=C1)=C\NC1=CC=CC=C1,1.363
O=N(=O)C1=CC=C(C=C1)[C@H]1NC2=C(C=CC=C2)[C@@H]2OCCC[C@H]12,1.314
O=N(=O)C1=C(C=CC=C1)C1=C2N(CCC3=CC=CC=C23)C=C1C#N,1.314
CCOC(=O)C(\C(C(C#N)C#N)C1=CC=CC(=C1)N(=O)=O)=C(\C)N,1.314
COC1=CC(=C(C=C1)N(=O)=O)N(=O)=O,1.288
O=C1NC(=CC(C1N(=O)=O)C1=CC=CC=C1)C1=CC=CC=C1,1.314
CC1=CC=CC(\C=C\C(=O)C2=CC=C(C=C2)N(=O)=O)=C1,1.313
C[C@]12C[C@H](C=O)[C@H]([C@H](N(=O)=O)[C@@]1(O)CCC2=O)C1=CC=CC=C1,1.336
CC1(C)C2=CC=CC=C2N2CC3=CC(=CC=C3OC12C)N(=O)=O,1.342
CCCCC1=CC2=CC=C(C=C2\C(O1)=N\C1=CC=CC=C1)N(=O)=O,1.342
CN1C2=CC=CC=C2C(\C=C\N(=O)=O)=C1C1=CC=CC=C1,1.312
O=N(=O)C1=C(C=CC=C1)N(=O)=O,1.289
CC1=CC(C)=C(C=C1)N(=O)=O,1.312
CC1=CC=CC(C)=C1NC(=O)C1=CC=C(C=C1)N(=O)=O,1.312
CC[C@]1(CC[C@@H](CC1)OC(=O)NC1=CC=C(C=C1)N(=O)=O)OC,1.342
O=C(N1CCCCC1)C1=CC=C(C=C1)N(=O)=O,1.312
CN(C)C1=C2C(\C=C\N(=O)=O)=CC=CC2=CC=C1,1.353
OCCC1=CC=C(C=C1)N(=O)=O,1.362
O=N(=O)C1=CC=CC=C1\C=C/C1=CC=CC=C1,1.31
COC(=O)C(\C1=CC=CC=C1)=C(/C)C1=CC=C(C=C1)N(=O)=O,1.31
CCOC1=NC(C2=CC=CC=N2)=C(C=C1N(=O)=O)C(=O)OC(C)(C)C,1.31
[H][C@@]12[C@H]([C@H](N(=O)=O)[C@@]3(O)CCC[C@@]13CC(C)(C)CC2=O)C1=CC=CC=C1,1.31
CN1CC2=C(C3=CC=CC=C3C2=C(C1)N(=O)=O)C1=CC=CC=C1,1.31
CCOC(=O)[C@@]1(CCCC1=O)[C@@H](CN(=O)=O)C1=CC=C(C)C=C1,1.348
CN1C2=CC=CC=C2C2(C)CC3=CC(=CC=C3OC12C)N(=O)=O,1.307
CCCCC1=C(OC2=CC=C(C=C12)N(=O)=O)C1=CC=CC=C1,1.307
[H][C@@]12CCC[C@H](C3=CC=CC=C3)[C@@]1(O2)N(=O)=O,1.308
O=N(=O)C1=CC=CC=C1\C=C\C1=NC=CC=C1,1.308
[H][C@]12CC[C@H](OC(=O)C3=CC=C(C=C3)N(=O)=O)[C@]1([H])CCCCC2,1.355
[H][C@](O)(C(=O)OCC)[C@@]([H])(ON(=O)=O)C(=O)OCC,1.308
[H][C@@]12[C@@H](CC)[C@H](N(=O)=O)[C@]3(O)CCC[C@]13CCCC2=O,1.306
CC(C)OC(=O)NN(C(=O)OC(C)C)C(=C/C1=CC=CO1)\N(=O)=O,1.307
CN(C)C1=CC=C(\C=C\C=C\C2=CC=C(C=C2)N(=O)=O)C2=C1C=CC=C2,1.351
O=N(=O)C1=CC=C(C=C1)N=C=C(C1=CC=CC=C1)C1=CC=CC=C1,1.306
CN(C)C1=CC(OCCOC2=CC=C(C=C2)N(=O)=O)=CC=C1,1.306
CC(CCON(=O)=O)ON(=O)=O,1.307
O=N(=O)C1=CC=CC(=C1)C1=CC=CC=C1,1.305
O=N(=O)C1=CC=C(C=C1)\N=N\N1CCCCC1,1.305
CN\C(NC1=CC=C(OC)C=C1)=C/N(=O)=O,1.305
CC1=CC=C(C2=C1O[C@H](C2)C(C)(C)O)N(=O)=O,1.328
CN(C)C1=C2C(=CC=CC2=CC=C1)\C=C(/C)N(=O)=O,1.347
CCOC(=O)[C@@]1(C#N)[C@H](CC(C)=O)[C@](C)(CCN1C)N(=O)=O,1.333
C[C@@H]1CCCCO[C@H]1CCCOC(=O)NC1=CC=C(C=C1)N(=O)=O,1.351
CC(C)(CN(=O)=O)ON=O,1.302
CC(N(=O)=O)C(C)(Cl)Cl,1.303
CCN(CC)C1CN=NN1C1=CC=C(C=C1)N(=O)=O,1.302
[H][C@]12NC3=CC=CC=C3C1=CC[C@H]([C@@H]2N(=O)=O)C1=CC=CC=C1,1.302
COC1=C(C=CC=C1N(=O)=O)N(=O)=O,1.275
C[C@@H]1CCO[C@@H](CCCOC(=O)NC2=CC=C(C=C2)N(=O)=O)CC1,1.348
CCC\C=N\NC1=C(C=C(C=C1)N(=O)=O)N(=O)=O,1.3
CC(C)(C1=CC=CC=C1)C(N=NC1=CC=C(C=C1)N(=O)=O)(C#N)C#N,1.3
CC(C)(C)C1=C[C@@](C(=O)[C@](C)(O)[C@@H]1N(=O)=O)(N(=O)=O)C(C)(C)C,1.3
[H][C@@]12C[C@@]([H])([C@H](CC1)OC(=O)C1=CC=CC(=C1)N(=O)=O)C2(C)C,1.339
[H][C@](C)(ON(=O)=O)[C@@]([H])(C)ON(=O)=O,1.298
O=N(=O)C1=CC=CC(=C1)C1=CC=C(C=C1)C1=CC=CC=C1,1.296
OCC1=CC(=CC=C1)N(=O)=O,1.298
CC1(CC(C2=CC=CC=C2)N(=O)=O)C(=O)CCCC1=O,1.32
CN(C)C1=CC=C(C=C1)\C=N\N=C(/C)C1=CC=C(C=C1)N(=O)=O,1.296
CC[C@H]1C=C(C(=O)C[C@@H]1CC#N)C1=CC=CC=C1N(=O)=O,1.331
CC(C)C1=NC=C(N1C)N(=O)=O,1.295
CC(=O)CC\C(=C/C1=CC=CC=C1)N(=O)=O,1.295
COC1=C(OC)C=C(C(=C1)N(=O)=O)N(=O)=O,1.262
COC(=O)CC1=C(C=CC(=C1)N(=O)=O)C(=O)NC(C)(C)C,1.257
O=N(=O)C1=CC=CC=C1C1=CC=C(C=C1)C1=CC=CC=C1,1.293
[H][C@@]12C[C@@]([H])(C1(C)C)[C@]1(C)ON=C(C3=CC=C(C=C3)N(=O)=O)[C@]1([H])C2,1.294
O=N(=O)C1=CC=C(CCNC2=CC=CC=C2)C=C1,1.293
O=N(=O)C1=CC=C(C=CC2=CC=CC=C2)C=C1,1.293
O=N(=O)C(\C1=CC=CC=C1)=C(/N1CCOCC1)C1=CC=CC=C1,1.292
CC1=C(C=C(F)C=C1)N(=O)=O,1.297
[H][C@]12C[C@]([H])(C1(C)C)[C@]1(C)ON=C(C3=CC=C(C=C3)N(=O)=O)[C@@]1([H])C2,1.292
CCC[C@@H]([C@@H](N)C1=CC=CC=C1)C1=NC2=CC=C(C=C2O1)N(=O)=O,1.334
COC(=O)C1=NC2=C(C=CC=C2C(OCC(C)C)=C1)N(=O)=O,1.291
CC1=CC(=CC(C)=C1)N(=O)=O,1.29
CC1=C(C=C2C(=C1N(=O)=O)C(C)(C)CC2(C)C)N(=O)=O,1.29
CC(C)(C)C1=C[C@](O)(C(=O)[C@](C)([C@H]1N(=O)=O)N(=O)=O)C(C)(C)C,1.29
CC(=O)C1=C(C)C(=C(C(=C1C)N(=O)=O)C(C)(C)C)N(=O)=O,1.29
COC(=O)C1=CC=CC=C1N(=O)=O,1.291
[H][C@@]12[C@@H](\C=C/CCOC(=O)C3=CC=C(C=C3)N(=O)=O)[C@]1([H])[C@H]1CC[C@@H]2C1,1.258
CCC1=CC=C(C=C1)N=NNC1=CC=C(C)C=C1N(=O)=O,1.288
COC1=CC=C(C=C1)[C@H](CN(=O)=O)C1=CNC2=CC=CC=C12,1.288
OC1=CC=CC=C1N(=O)=O,1.288
CC(C1=CC=CC=C1)(N(=O)=O)N(=O)=O,1.288
CCCC1=CC=C(CCOC(=O)C2=CC=C(C=C2)N(=O)=O)C=C1,1.321
OCC\C(C1=CC(=CC=C1)N(=O)=O)=C(/CCC#N)C1=CC=CC=C1,1.287
CC1=C[C@@H]2C[C@@H]2C[C@](C)(C1)OC(=O)C1=CC=C(C=C1)N(=O)=O,1.286
CCOC(=O)C1=C(C=CC(=C1)N(=O)=O)N(=O)=O,1.265
CCOC(=O)C1=C(C=C(C=C1)N(=O)=O)N(=O)=O,1.265
C[C@H]1CCC[C@@]2(CCC[C@@H]2COC(=O)C2=CC=C(C=C2)N(=O)=O)O1,1.314
[H][C@@]12CC[C@@H](OC(=O)C3=CC=C(C=C3)N(=O)=O)[C@]1(CC=C)CCCC2,1.332
CC(C)(C)N\C=C(/C=O)N(=O)=O,1.284
O=N(=O)C1=CC(=CC=C1C1=CC=CC=C1)C1=CC=CC=C1,1.283
CC1=C(C)C2=C(CCC(C)(C)O2)C(=C1O)N(=O)=O,1.283
CC(C)(C)OC(=O)[C@@H](CN(=O)=O)C1=CC=C(C=C1)C1=CC=CC=C1,1.307
CCOC(=O)[C@](C)(NC(=O)C1=CC=C(C=C1)N(=O)=O)[C@@H](C)CC,1.283
CC\C(C)=N\NC1=C(C=C(C=C1)N(=O)=O)N(=O)=O,1.283
CC(C)(CN(=O)=O)ON(=O)=O,1.284
CCOC(=O)C1=C(C(=CC=C1)N(=O)=O)N(=O)=O,1.262
CC1=C(C=CC(=C1)N(=O)=O)N(=O)=O,1.261
CCOC1=CC=C(C=C1)\C=N\N=C(/C)C1=CC=C(C=C1)N(=O)=O,1.283
COC(=O)[C@@H]1[C@@H]([C@H]([C@@H](N1C)C1=CC=CC=C1)N(=O)=O)C1=CC=CC=C1,1.318
FC(F)(C(=O)OCC=C)N(=O)=O,1.281
[H][C@]12CC(=C[C@]1(OC1=C2C=CC=C1)N(=O)=O)C(=O)OC(C)(C)C,1.283
O=N(=O)\C=C\C1=CC=CC=C1,1.28
O=N(=O)[C@H]1C2C=CC=CC2[C@@H](CC2=CC=CC=C2)C2=C1C=CC=C2,1.28
CCC(CC)NC1=C(C=C(C)C(C)=C1N(=O)=O)N(=O)=O,1.28
CC1=C(C)C(=C(C(=C1C)N(=O)=O)C(C)(C)C)N(=O)=O,1.28
CC(C)(C)C1=C[C@](C)(C(=O)[C@@](C)(O)[C@H]1N(=O)=O)N(=O)=O,1.28
OC1=CC=CC(=C1)N(=O)=O,1.262
CCOC(=O)C1=CC(=C(C=C1)N(=O)=O)N(=O)=O,1.258
O=N(=O)C1=CC=C(CC2=CC=CC=C2)C=C1,1.284
CC1=CC(=CC(=C1)N(=O)=O)N(=O)=O,1.257
CN(C)C(=N/C1=CC=C(C=C1)N(=O)=O)\N(C)C,1.32
CC1=C(C=CC=C1F)N(=O)=O,1.278
CC1=CC(F)=CC=C1N(=O)=O,1.276
C\C(N(=O)=O)=C(/C)N(=O)=O,1.275
CC1=CC(C)=C(N1)\C=C(\C(=O)OCC=C)C1=C(C=CC=C1)N(=O)=O,1.274
CC1=CC(C)=C(N1)\C=C(/C(=O)OCC=C)C1=CC=CC=C1N(=O)=O,1.298
[H][C@@]12C[C@H](ON1C(C)(C)N(N(=O)=O)C2(C)C)C#N,1.274
CCC(ON(=O)=O)C(O)=O,1.275
CCOC(=O)[C@@]1(CCCC1=O)[C@@H]([C@@H](C)N(=O)=O)C1=CC=CC=C1,1.311
CN1C2=C(C=CC=C2)C(\C=C(/C)N(=O)=O)=C1C1=CC=CC=C1,1.271
CC(C)(C)C1=NN(C(N)=C1)C1=CC=CC=C1N(=O)=O,1.271
C[C@H]1[C@](C)(CC[C@@]1(C)C#N)OC(=O)C1=CC=C(C=C1)N(=O)=O,1.276
CC\C(C1=CC=C(C=C1)N(C)C)=C(\C#N)C1=CC=C(C=C1)N(=O)=O,1.27
CC1=CC(=C(C=C1)C1=C(C)C(C)=C(O)C(C)=C1)N(=O)=O,1.27
CCCNC1=CC=C(C=C1)N(=O)=O,1.269
CC(C)(N(=O)=O)\C=C\C(C)(C)N(=O)=O,1.269
CN(C)C1=CC(C)=C(C(C)=C1)N(=O)=O,1.268
OC1=CC=C(C=C1)N(=O)=O,1.242
[H][C@]12[C@@H]([C@@H](N(=O)=O)[C@@]3(O)CCC[C@@]13CC(C)(C)CC2=O)C1=CC=CC=C1,1.267
CC(C)C1OC2=C(C=CC(=C2)N(=O)=O)N(C2CCCCC2)C1=O,1.266
O=N(=O)\C=C(/C1=CC=CC=C1)C1=CC=CC=C1,1.265
CC1=CC=C(O1)C(C1=CC=C(C)O1)C1=CC=CC(=C1)N(=O)=O,1.266
CCC(N(=O)=O)N(=O)=O,1.265
CN1C=NC(=C1\N=C(\CC1=CC=CC=C1)N1CCCCC1)N(=O)=O,1.264
[H][C@@]12[C@H]([C@H](N(=O)=O)[C@]3(O)CCC[C@]13CCCC2=O)C1=CC=CC=C1,1.264
CC1=CC(C)=C(C(C)=C1)\C=C\N(=O)=O,1.307
CCOC(=O)[C@H](NC1=CC=C(C=C1)N(=O)=O)[C@H](C)C(C)=C,1.263
CC1=CC=C(F)C(=C1)N(=O)=O,1.261
CC(C)C1=C(C(=O)C(C)(C)C)C2=C(OC1C)C=CC(=C2)N(=O)=O,1.309
O=N(=O)C(=C\C(C1=CC=CC=C1)C1=CC=CC=C1)\C1=CC=CC=C1,1.261
CC1=C2OC(C)(C)CCC2=C(C)C(=C1C)N(=O)=O,1.308
CC1CC(C)(C)C2=CC(=C(C)C(=C2C1(C)C)N(=O)=O)N(=O)=O,1.26
CC1=CC(=CC(C)=C1C)C1=CC=C(C=C1)N(=O)=O,1.26
C\C(=C\NC(=O)C1=CC=C(C=C1)N(=O)=O)C(=O)NC(C)(C)C,1.283
COC1=CC=C(C=C1)[C@H](CN(=O)=O)C1=CC=C(C)C=C1,1.259
O=N(=O)C1=CC=CC=C1OC1=CC=CC=C1,1.26
CCCCC(\C(=C(/C1=CC=CC=C1)C1=CC=CC=C1)N(=O)=O)=N/O,1.302
CC(C)(C)C1=CC(=CC(=C1O)C(C)(C)C)C1=CC=C(C=C1)N(=O)=O,1.305
C[C@@H]1[C@H](OC(=O)C2=CC=C(C=C2)N(=O)=O)[C@]2(C)CC[C@@]1(C)C2,1.257
CC(C)OC(=O)[C@@]1(CCCC1=O)[C@@H](CN(=O)=O)C1=CC=CC=C1,1.296
CC1(C)CCC[C@@](C)(C=O)[C@@H]1CN(=O)=O,1.256
CC1=C(C=C(Cl)C=C1)N(=O)=O,1.243
CCOC(=O)\C=C\C(C)=C\C(C)=C\C(C)=C\C1=CC=C(C=C1)N(=O)=O,1.291
CC(C)([C@@H](CC(=O)C1=CC=CC=C1)C1=CC=CC=C1)N(=O)=O,1.255
C[C@H](NC(=O)C(C)(C)C)C(=O)NC1=CC=CC(=C1)N(=O)=O,1.253
COC1=CC=CC=C1N(=O)=O,1.253
CC[C@H]([C@H](CN(=O)=O)C1=CC=CC=C1)C1OCCO1,1.254
O=C1CCCC[C@H]1[C@@H](CN(=O)=O)C1=CC=CC=C1,1.28
[H][C@@]12C[C@@]([H])([C@@H](CC1)OC(=O)C1=CC(=CC(=C1)N(=O)=O)N(=O)=O)C2(C)C,1.292
CC[C@H]([C@@H](C)C(=O)C1=CC=CC=C1)N(=O)=O,1.252
COCCOC(=O)C1=C(C=CC=C1)N(=O)=O,1.252
O=N(=O)C1=CCCC[C@@H]1C1=CC=CC=C1,1.252
CC(C)(C)N=CC1=CC=C(C=C1)N(=O)=O,1.25
CC(C)(C)C1=C[C@](O)(C(=O)[C@@](C)([C@H]1N(=O)=O)N(=O)=O)C(C)(C)C,1.25
CC(C)(C)C1=C[C@@](C)(O)C(=O)[C@](C)(CC2=CC=CC=C2)[C@@H]1N(=O)=O,1.25
C\C(C1=CC=CC=C1)=C(/C#N)C1=CC=C(C=C1)N(=O)=O,1.25
O=N(=O)C1(CCCCC1)N(=O)=O,1.246
CN(C)C(=O)OC1=C(C=CC=C1)N(=O)=O,1.246
CC(C)OC(=O)C1=CC=C(C=C1C(=O)OC(C)C)N(=O)=O,1.246
C\C(N(=O)=O)=C/C=C/N1CCCC1,1.242
C\C=C(/C)[C@@H](C)[C@@](C)(COC(=O)C1=CC=C(C=C1)N(=O)=O)C#N,1.242
OCCOC1=C(C=C(C=C1)N(=O)=O)N(=O)=O,1.24
O=N(=O)C1=CC=C(OC#C)C=C1,1.241
CC1=CC=C(O)C(=C1)N(=O)=O,1.237
[H][C@]12[C@@H](CC[C@@H](C)[C@]1(O)[C@@H](CCC2=O)N(=O)=O)C(C)C,1.24
CC(=O)C1=CC=CC=C1N(=O)=O,1.238
CC1=CC=C(C=C1)C(=C/N(=O)=O)\N1CCCCC1,1.238
C[C@@H]1[C@@](C)(CC[C@]1(CC=C)C#N)OC(=O)C1=CC=C(C=C1)N(=O)=O,1.237
CCN(CC)C1=CC=C(C=C1)\C=N\NC1=CC=C(C=C1)N(=O)=O,1.235
CCCCN(CN(CCCC)N(=O)=O)N(=O)=O,1.261
CC(C)(C)N1CC(CO)(C1)N(=O)=O,1.25
CCN(CC)C1=CC=C(C=C1)N(=O)=O,1.232
CCCOC(=O)C(F)(F)N(=O)=O,1.232
O=N(=O)[C@@H]1[C@@H](CCC[C@@H]1C1=CC=CC=C1)C#CC1=CC=CC=C1,1.231
CC(O)C1=C(C=CC=C1)N(=O)=O,1.231
CC(C)(C)C1=CC(=C(C=C1N(=O)=O)N(=O)=O)C(C)(C)C,1.23
CN(C)C1=C(C)C=C(C=C1C)N(=O)=O,1.229
COC(=O)C1=C(C=CC=C1)C(=O)OCC(C)(C)N(=O)=O,1.223
CCCC(C)=NNC1=C(C=C(C=C1)N(=O)=O)N(=O)=O,1.223
[H][C@]12CC(C)(C)CC[C@]1(O)[C@H](CCC2=O)N(=O)=O,1.223
CC(C)OC(=O)C(F)(F)N(=O)=O,1.222
CCCCC(C)=NNC1=CC=C(C=C1N(=O)=O)N(=O)=O,1.221
COC1=CC=C(C=C1)N(=O)=O,1.211
CC1(CN(CC2=CC=CC=C2)CCN(CC2=CC=CC=C2)C1)N(=O)=O,1.262
CCOC(C(N(=O)=O)N(=O)=O)C1=CC=CC=C1,1.216
CCCCNC1=CC=C(C=C1)N(=O)=O,1.215
[H][C@]12[C@@H](CCN1CC[C@@]21CCCC1(C)C)N(=O)=O,1.215
OC1=C(CC=C)C=CC=C1N(=O)=O,1.217
CC(C)(C)C1=NNC(=C1N(=O)=O)C(C)(C)C,1.214
COCOC1=CC=C(C=C1)N(=O)=O,1.214
COC1=C(N)C=CC(=C1)N(=O)=O,1.18
[H][C@@](C)(C(=O)OC)C1=CC(=CC=C1)N(=O)=O,1.212
CCC(C)(N(=O)=O)N(=O)=O,1.21
CCCC1(CCC)C2=CC(=CC=C2C2=C1C=C(C=C2)N(=O)=O)N(C)C,1.257
COC(C(C)=O)C1=CC=CC(=C1)N(=O)=O,1.209
C=COC1=C(C=CC=C1)N(=O)=O,1.209
C=COC1=CC(=CC=C1)N(=O)=O,1.208
CC1(C)CCCC(C)(C)N1O\C(=C\N(=O)=O)C1=CC=C(C=C1)C#N,1.208
COC1=C(N)C=C(C=C1)N(=O)=O,1.175
CON(=O)=O,1.206
CC1=CC(C)=C(C(C)=C1C1=C(C)C=C(C)C(=C1C)N(=O)=O)N(=O)=O,1.206
CC(O)C1=CC(=CC=C1)N(=O)=O,1.203
COCOC1=CC=CC=C1N(=O)=O,1.205
NC1=C(C=CC=C1)N(=O)=O,1.179
CC(C)(C)OC(=O)N[C@@H](C[C@H](O)CN(=O)=O)C(=O)OC(C)(C)C,1.239
COC1=CC(=CC(N)=C1)N(=O)=O,1.172
COC1=C(C=C(C)C=C1)N(=O)=O,1.203
[H][C@@](CC(=O)OCC)(ON(=O)=O)C(=O)OCC,1.203
OCC(NC1=CC=C(C=C1)N(=O)=O)C1=CC=CC=C1,1.202
CC(C)C1=C(C2=CC=CC=C2C=C1)C1=C(\C=C\N(=O)=O)C=CC=C1,1.201
NC1=C(C#N)C(C2=C(C=CC=C2)N(=O)=O)C2=C(CCCC2=O)O1,1.201
CN1C=C(C(\C=C\C=C\C2=CC=CC=C2)=C1C1=CCCCC1)N(=O)=O,1.198
CC(CC=C)(N(=O)=O)N(=O)=O,1.199
CNC1=CC=C(C=C1)N(=O)=O,1.164
CCCCOC1=C(C=C(CCl)C=C1)N(=O)=O,1.198
CC1=CC=C(C=C1)C(=N)C(ON1C(C)(C)CCCC1(C)C)N(=O)=O,1.193
CCOC(=O)C1=C(C=CC=C1)C(=O)OCC(C)(C)N(=O)=O,1.192
CC(O)CN(=O)=O,1.192
CCOC1=C(C=CC=C1)N(=O)=O,1.193
CC1=C(N)C(=CC=C1)N(=O)=O,1.172
CC1=C(\C=C\C(=O)\C=C\C2=CC=C(C=C2)N(=O)=O)C(C)(C)CCC1,1.191
COC1=C(OC)C=C(C=C1)N(=O)=O,1.163
COC1=CC(OC)=C(C=C1)N(=O)=O,1.162
CCCCOC(=O)C(F)(F)N(=O)=O,1.188
CCC(C)OC(=O)C(F)(F)N(=O)=O,1.183
CC(C)C1=CC=CC(C(C)C)=C1N(=O)=O,1.181
CC(C)COC1=C(C=C(CC#N)C=C1)N(=O)=O,1.18
CN(C)C1=CC=CC=C1N(=O)=O,1.18
CN(C)C1=CC=C(C=C1)N(=O)=O,1.18
CC(C)[C@@H]1CC[C@@H](C)C[C@H]1OC(=O)C1=CC(=CC(Cl)=C1)N(=O)=O,1.18
CC(C)CN(CC(C)C)C1=C(C=C(C=C1)N(=O)=O)N(=O)=O,1.182
CC1(C)CCCC(C)(C)N1O\C(=C\N(=O)=O)C1=CC=CC=C1,1.179
CC(C)COC(=O)C(F)(F)N(=O)=O,1.179
CCCCCCC(C)=NNC1=CC=C(C=C1N(=O)=O)N(=O)=O,1.178
[H][C@](C)(N)C1=CC=C(C=C1)N(=O)=O,1.178
O=N(=O)C1=CC=C2CCCCC2=C1,1.173
CC1=CC(C)=C(C(C)=C1)N(=O)=O,1.176
O=N(=O)C1=CC(NCC#C)=CC=C1,1.177
O=N(=O)C1=C2CCCCC2=CC=C1,1.172
CC(C)(Cl)N(=O)=O,1.176
CCCCOC(=O)C1=C(C=C(C=C1)N(=O)=O)C(=O)OCCCC,1.175
CCC(CC)(CN(=O)=O)CN(=O)=O,1.172
C=CC1=CC(=CC=C1)N(=O)=O,1.172
CN(CC1=CC=CC=C1)N(=O)=O,1.17
COC1=CC(=CC(OC)=C1)N(=O)=O,1.144
OC1=C(C=C(C=C1)C1CCCCC1)N(=O)=O,1.169
C=CCN(CC=C)C(=O)C1=CC=C(C=C1)N(=O)=O,1.167
CN1COCC(C)(C1)N(=O)=O,1.169
CCNN(=O)=O,1.17
O=N(=O)C1=CC=CC=C1C1CC1,1.168
O=N(=O)C1=CC=C(C=C1)C1CC1,1.168
COC1=CC(=C(OC)C=C1)N(=O)=O,1.141
CCC(CC1=CC=C(O)C=C1)(CC1=CC=C(O)C=C1)N(=O)=O,1.16
OCC1(CCCCC1)N(=O)=O,1.167
CC(C)COC(=O)C1=CC=C(C=C1C(=O)OCC(C)C)N(=O)=O,1.166
O=N(=O)C1=CC(NCC=CC2=CC=CC=C2)=CC=C1,1.165
C=CC1=CC=C(C=C1)N(=O)=O,1.165
CC(C)CC(ON(=O)=O)C(O)=O,1.159
CC1=C(N)C=CC(=C1)N(=O)=O,1.131
CC1=C(C=CC=C1)N(=O)=O,1.157
CCC(=O)CN(=O)=O,1.157
CCOC(=O)CC(CN(=O)=O)C1=CC=CC=C1,1.155
CC(C)(C)OC(=O)N[C@@H](CCCN(=O)=O)C(=O)OC(C)(C)C,1.153
COC1=CC=CC(OC)=C1N(=O)=O,1.126
O=N(=O)N1CCCCC1,1.152
CC(C)(C)OC(=O)C1=CC(=CC=C1)N(=O)=O,1.151
CC1=CC(CC(C)(CO)N(=O)=O)=CC=C1,1.151
CC(=O)CC(CN(=O)=O)C1=CC=CO1,1.152
CCC(C)COC(=O)C1=CC(=CC=C1)N(=O)=O,1.145
CC(C)COC1=C(C=C(CCl)C=C1)N(=O)=O,1.143
CC1=C(C)C(=CC=C1)N(=O)=O,1.143
CC(C)CNN(=O)=O,1.144
COC1=C(OC)C(=CC=C1)N(=O)=O,1.115
NC1=NC(=C(N1)C(=O)C1=CC=CC=C1)C1=CC=C(C=C1)N(=O)=O,1.141
CCCCN(C(=O)OC)N(=O)=O,1.14
CC1=CC=C(C=C1C)N(=O)=O,1.138
CCC1(COCN(C)C1)N(=O)=O,1.139
CC1=CC=C(C=C1)N(=O)=O,1.126
CCCCOC(=O)CC1=CC=C(C=C1)N(=O)=O,1.134
COC[C@@H]1CCCN1\N=C\[C@H](CN(=O)=O)C(C)(C)C,1.135
COC(=O)N(CC(C)C)N(=O)=O,1.135
CC(C)C1=CC(=C(O)C=C1)N(=O)=O,1.135
O=N(=O)NC1CCCCC1,1.136
O=N(=O)CCC1=CC=CC=C1,1.134
CCC(CO)N(=O)=O,1.133
C=CCNC1=CC=CC(=C1)N(=O)=O,1.134
CCCCOC1=C(C=C(CC#N)C=C1)N(=O)=O,1.134
CC(C)(O)CN(=O)=O,1.133
CCOC(OCC)C(O)CN(=O)=O,1.133
CC1=CC=C(O1)C(C1=CC=C(C)O1)C1=C(C=CC=C1)N(=O)=O,1.132
CC(C)(CC1=C(O)C=CC=C1)N(=O)=O,1.125
CN(=O)=O,1.131
O=N(=O)C1=C(N\N=C(/C2=CC=CC=C2)C2=CC=CC=C2)C=CC=C1,1.13
CC(C)(C)CC(C)(CN(=O)=O)N(=O)=O,1.127
CCC1=C(C=CC=C1)N(=O)=O,1.127
CCC(C)C1=CC(=C(O)C=C1)N(=O)=O,1.125
CC1=CC=C(C)C(=C1)N(=O)=O,1.121
C=CN(=O)=O,1.124
CC1=CC=C(C(C)=C1C)N(=O)=O,1.122
CCC1=CC=C(C=C1)N(=O)=O,1.124
CC(C)C1=C(N2CCCCC2)C(C(C)C)=C(C=C1)N(=O)=O,1.122
CCC1=CC(=CC=C1)N(=O)=O,1.123
OC1=C(O)C=C(C=C1)N(=O)=O,1.12
CCCCCCOC(=O)C1=CC=C(C=C1)N(=O)=O,1.12
CCOC1=CC=C(C=C1)N(=O)=O,1.028
CC1=CC=CC(C)=C1N(=O)=O,1.113
CC1CCC(O)(CN(=O)=O)CC1,1.113
O=N(=O)C1=C(C=CC=C1)C1CCCCC1,1.111
CCC(C)(CC1=CC=C(O)C=C1)N(=O)=O,1.105
CCCC1OCC(C)(CO1)N(=O)=O,1.108
CCCC(C)C1=CC(=C(O)C=C1)N(=O)=O,1.111
CC1(CC1)C1=CC=CC=C1N(=O)=O,1.111
CCON(=O)=O,1.109
CC(C)N1COCC(C)(C1)N(=O)=O,1.109
CCCCCOC(=O)CC1=CC=C(C=C1)N(=O)=O,1.106
CC(C)COC1=CC=C(C=C1)N(=O)=O,1.106
CCCNN(=O)=O,1.107
CC(C)N(C(C)C)N(=O)=O,1.105
CNC(C)CC1=CC=C(C=C1)N(=O)=O,1.105
CC(C)(C)C(N(=O)=O)C(C)(C)N(=O)=O,1.103
CCC(C1=CC=CC=C1)N(=O)=O,1.108
CCN(C)N(=O)=O,1.104
O=N(=O)C1=CC2=CC(=CC(=C2C(=C1)N(=O)=O)N(=O)=O)N(=O)=O,1.1
CC(C1=CC=CC=C1)N(=O)=O,1.099
CC(C)NN(=O)=O,1.1
CC(C)[C@@H]1CC[C@@H](C)C[C@H]1OC(=O)C1=CC(=C(Cl)C=C1)N(=O)=O,1.068
CC(C)C1=CC=C(C=C1)N(=O)=O,1.089
COC(=N)CCC(C)(C)N(=O)=O,1.087
O=N(=O)C12CCCC1CCCC2,1.087
CCCCCCOC(=O)CC1=CC=C(C=C1)N(=O)=O,1.082
[H][C@@]12CCCC[C@]1(CCCC2)N(=O)=O,1.083
CCCCCCCCOC(=O)C1=CC=C(C=C1)N(=O)=O,1.083
O=N(=O)C12CCCCC1CCCC2,1.08
CN(C)C1=CC(=CC=C1)N(=O)=O,1.053
CC(C)CC1=CC=C(C=C1)N(=O)=O,1.083
CC1(C)CC2CC1CC2N(=O)=O,1.078
CC(C)(O)C(C)(C)N(=O)=O,1.074
CC1(C)[C@@H]2CC[C@@](C)(C2)[C@@H]1ON(=O)=O,1.071
CC1(C)C2CC(C(C2)N(=O)=O)C1=C,1.07
O=N(=O)C1CCCCC1,1.069
CCCCCCCOC(=O)CC1=CC=C(C=C1)N(=O)=O,1.065
CC(C)(C)C1=C(C=CC=C1)N(=O)=O,1.066
CC(C)(C)C1=CC(=CC=C1)N(=O)=O,1.065
CCC(=CC1=CC=CC=C1)N(=O)=O,1.064
CCCCCCN(C(=O)OCC)N(=O)=O,1.064
CCCCCCCCOC(=O)CC1=CC=C(C=C1)N(=O)=O,1.059
CCCCNN(=O)=O,1.058
[H]C(C)(CC)NN(=O)=O,1.057
CC(C)C1=CC(C(C)C)=C(C(=C1)C(C)C)N(=O)=O,1.067
CC1(CCCCC1)N(=O)=O,1.061
CCCCCCCCCOC(=O)C1=CC=C(C=C1)N(=O)=O,1.053
CCCCCCC(C)OC(=O)C1=CC=C(C=C1)N(=O)=O,1.04
CCCCCCCCCCOC(=O)C1=CC(=CC=C1)N(=O)=O,1.042
O\N=C\C1=CC(=CC=C1)N(=O)=O,1.02
CC1(C)[C@H]2CC[C@H](C2)C1=CN(=O)=O,1.03
CC1=CC(C)=C(C(=C1)C(C)(C)C)N(=O)=O,1.035
CC1(C)[C@@H]2CC[C@@](C2)(C1=C)N(=O)=O,1.024
CCCCN(C)N(=O)=O,1.035
CCN(=O)=O,1.03
CC(C)CN(C)N(=O)=O,1.022
COC1=CC=C(CC2=CC=C(C=C2)N(=O)=O)C=C1,1.022
ON(C(=O)C1=CC=C(C=C1)N(=O)=O)C1=CC=CC=C1,1.009
CCCCCCNN(=O)=O,1.004
CCCN(=O)=O,0.996
CCCN(CCC)N(=O)=O,0.996
CCCCCCCCCCCCCCC(CN(=O)=O)N(=O)=O,0.978
CC(C)N(=O)=O,0.984
CC(C)C(C)(C)N(=O)=O,0.986
CCC(C)(C)N(=O)=O,0.98
CCC(C)N(=O)=O,0.972
CCCCN(=O)=O,0.969
CC(C)CN(=O)=O,0.966
CCCCN(CCCC)N(=O)=O,0.963
CC(C)(C)N(=O)=O,0.949
CC(C)(C)CN(=O)=O,0.951
CCCCCCCCCCCCCCC(O)CN(=O)=O,0.936
CC(C)CCC(C)(C)N(=O)=O,0.946
CC(C)(C)CC(C)(C)N(=O)=O,0.94
CC(N(=O)=O)C(C)(C)C,0.936
CCCCCCCCN(=O)=O,0.922
CCCCCCCCCCCCCCCCON(=O)=O,0.91
CCCCCCCCCCCCCCC=CN(=O)=O,0.897
O=N(=O)C1=CC=C(C=NC2=C(N=C3C=CC=CN23)C2=CC=CC=C2)C=C1,0.368
